Entry,SMILES,Clearing Temperature,Label,canonical_smiles
1,CCC(C)CC1=CC=C(C=C1)C2=CC=C(C=C2)C#N,-30,rod-like,CCC(C)Cc1ccc(-c2ccc(C#N)cc2)cc1
35,CCC1=CC=C(C=C1)C(=O)OC2=CC(=C(C=C2)C#N)F,8,rod-like,CCc1ccc(C(=O)Oc2ccc(C#N)c(F)c2)cc1
53,CCCCC1=CC=C(C=C1)C2=CC=C(C=C2)C#N,16.5,rod-like,CCCCc1ccc(-c2ccc(C#N)cc2)cc1
37,CCCC1=CC=C(C=C1)C(=O)OC2=CC(=C(C=C2)C#N)F,20,rod-like,CCCc1ccc(C(=O)Oc2ccc(C#N)c(F)c2)cc1
55,CCCCCCC1=CC=C(C=C1)C2=CC=C(C=C2)C#N,29,rod-like,CCCCCCc1ccc(-c2ccc(C#N)cc2)cc1
52,CCCC1=CC=C(C=C1)C2=CC=C(C=C2)C#N,30.3,rod-like,CCCc1ccc(-c2ccc(C#N)cc2)cc1
143,O=C(CCC/C=C\CC)OC(C=C1)=CC=C1C2=NC=C(CCCCCCC)C=N2,31,rod-like,CC/C=C\CCCC(=O)Oc1ccc(-c2ncc(CCCCCCC)cn2)cc1
141,O=C(C/C=C\CCCC)OC(C=C1)=CC=C1C2=NC=C(CCCCCCC)C=N2,31,rod-like,CCCC/C=C\CC(=O)Oc1ccc(-c2ncc(CCCCCCC)cn2)cc1
419,O=C(C1=CC=C(/N=N/C2=CC=C(OCCCCCCCCCCCCCC)C(C)=C2)C=C1)OC3=CC(OC(C4=CC=C(/N=N/C5=CC(C)=C(OCCCCCCCCCCCCCC)C=C5)C=C4)=O)=CC=C3C,33,bend-core,CCCCCCCCCCCCCCOc1ccc(/N=N/c2ccc(C(=O)Oc3ccc(C)c(OC(=O)c4ccc(/N=N/c5ccc(OCCCCCCCCCCCCCC)c(C)c5)cc4)c3)cc2)cc1C
150,O=C(CCC/C=C\CC)OC(C=C1)=CC=C1C2=NC=C(CCCCCCCC)C=N2,34,rod-like,CC/C=C\CCCC(=O)Oc1ccc(-c2ncc(CCCCCCCC)cn2)cc1
54,CCCCCC1=CC=C(C=C1)C2=CC=C(C=C2)C#N,35.5,rod-like,CCCCCc1ccc(-c2ccc(C#N)cc2)cc1
6,CCCCC1COC(OC1)C2=CC=C(C=C2)C#N,36,rod-like,CCCCC1COC(c2ccc(C#N)cc2)OC1
90,CCCCC1=CC=C(C=C1)C#CC2=CC=C(C=C2)OC,40.2,rod-like,CCCCc1ccc(C#Cc2ccc(OC)cc2)cc1
57,CCCCCCCCC1=CC=C(C=C1)C2=CC=C(C=C2)C#N,40.5,rod-like,CCCCCCCCc1ccc(-c2ccc(C#N)cc2)cc1
76,CCCCC1CCC(CC1)C2=CC=C(C=C2)C#N,41,rod-like,CCCCC1CCC(c2ccc(C#N)cc2)CC1
36,CCCCC1=CC=C(C=C1)C(=O)OC2=CC=C(C=C2)C#N,42.6,rod-like,CCCCc1ccc(C(=O)Oc2ccc(C#N)cc2)cc1
56,CCCCCCCC1=CC=C(C=C1)C2=CC=C(C=C2)C#N,42.8,rod-like,CCCCCCCc1ccc(-c2ccc(C#N)cc2)cc1
39,CCCCCC1=CC=C(C=C1)OC(=O)C2=CC=C(C=C2)OC,43,rod-like,CCCCCc1ccc(OC(=O)c2ccc(OC)cc2)cc1
5,CCCC1COC(OC1)C2=CC=C(C=C2)C#N,43,rod-like,CCCC1COC(c2ccc(C#N)cc2)OC1
259,CCCC/C=C\CCOC(C=N1)=CN=C1C2=CC=C(CCCCCCCC)C=C2,43,rod-like,CCCC/C=C\CCOc1cnc(-c2ccc(CCCCCCCC)cc2)nc1
266,CCCC/C=C\CCOC(C=N1)=CN=C1C2=CC=C(CCCCCCCCC)C=C2,44,rod-like,CCCC/C=C\CCOc1cnc(-c2ccc(CCCCCCCCC)cc2)nc1
152,O=C(CCCCCC=C)OC(C=C1)=CC=C1C2=NC=C(CCCCCCCC)C=N2,44,rod-like,C=CCCCCCC(=O)Oc1ccc(-c2ncc(CCCCCCCC)cn2)cc1
157,O=C(CCC/C=C\CC)OC(C=C1)=CC=C1C2=NC=C(CCCCCCCCC)C=N2,44,rod-like,CC/C=C\CCCC(=O)Oc1ccc(-c2ncc(CCCCCCCCC)cn2)cc1
708,ClC1=C(OCCCCCCCCCCCC)C(OCCCCCCCCCCCC)=CC2=C1C(C([N+]([O-])=O)=C(OCCCCCCCCCCCC)C(OCCCCCCCCCCCC)=C3)=C3C4=C2C=C(OCCCCCCCCCCCC)C(OCCCCCCCCCCCC)=C4[N+]([O-])=O,45.9,disc-like,CCCCCCCCCCCCOc1cc2c3cc(OCCCCCCCCCCCC)c(OCCCCCCCCCCCC)c(Cl)c3c3c([N+](=O)[O-])c(OCCCCCCCCCCCC)c(OCCCCCCCCCCCC)cc3c2c([N+](=O)[O-])c1OCCCCCCCCCCCC
145,O=C(CCCCCC=C)OC(C=C1)=CC=C1C2=NC=C(CCCCCCC)C=N2,46,rod-like,C=CCCCCCC(=O)Oc1ccc(-c2ncc(CCCCCCC)cn2)cc1
78,CCCC1CCC(CC1)C2=CC=C(C=C2)C#N,46,rod-like,CCCC1CCC(c2ccc(C#N)cc2)CC1
2,CCCCC1=CC=C(C=C1)N=CC2=CC=C(C=C2)OC,48,rod-like,CCCCc1ccc(N=Cc2ccc(OC)cc2)cc1
45,CCCCCCC1=CC=C(C=C1)C(=O)OC2=CC=C(C=C2)OCCCC,49.5,rod-like,CCCCCCc1ccc(C(=O)Oc2ccc(OCCCC)cc2)cc1
58,CCCCCCCCCC1=CC=C(C=C1)C2=CC=C(C=C2)C#N,49.5,rod-like,CCCCCCCCCc1ccc(-c2ccc(C#N)cc2)cc1
149,O=C(CC/C=C/CCC)OC(C=C1)=CC=C1C2=NC=C(CCCCCCCC)C=N2,50,rod-like,CCC/C=C/CCC(=O)Oc1ccc(-c2ncc(CCCCCCCC)cn2)cc1
142,O=C(CC/C=C/CCC)OC(C=C1)=CC=C1C2=NC=C(CCCCCCC)C=N2,51,rod-like,CCC/C=C/CCC(=O)Oc1ccc(-c2ncc(CCCCCCC)cn2)cc1
59,CCCCCCCCCCC1=CC=C(C=C1)C2=CC=C(C=C2)C#N,51.5,rod-like,CCCCCCCCCCc1ccc(-c2ccc(C#N)cc2)cc1
22,CCCCCCCCC1=CN=C(N=C1)C2=CC=C(C=C2)OC(=O)CCCCCC,51.5,rod-like,CCCCCCCCc1cnc(-c2ccc(OC(=O)CCCCCC)cc2)nc1
151,O=C(CCCC/C=C/C)OC(C=C1)=CC=C1C2=NC=C(CCCCCCCC)C=N2,52,rod-like,C/C=C/CCCCC(=O)Oc1ccc(-c2ncc(CCCCCCCC)cn2)cc1
148,O=C(C/C=C\CCCC)OC(C=C1)=CC=C1C2=NC=C(CCCCCCCC)C=N2,53,rod-like,CCCC/C=C\CC(=O)Oc1ccc(-c2ncc(CCCCCCCC)cn2)cc1
34,CCCC1=CC=C(C=C1)C(=O)OC2=CC=C(C=C2)C#N,53,rod-like,CCCc1ccc(C(=O)Oc2ccc(C#N)cc2)cc1
231,CCCC/C=C\CCOC(C=C1)=CC=C1C2=NC=C(CCCCCCCCC)C=N2,54,rod-like,CCCC/C=C\CCOc1ccc(-c2ncc(CCCCCCCCC)cn2)cc1
247,CC/C=C\CCCCOC(C=N1)=CN=C1C2=CC=C(CCCCCC)C=C2,55,rod-like,CC/C=C\CCCCOc1cnc(-c2ccc(CCCCCC)cc2)nc1
245,CCCC/C=C\CCOC(C=N1)=CN=C1C2=CC=C(CCCCCC)C=C2,55,rod-like,CCCC/C=C\CCOc1cnc(-c2ccc(CCCCCC)cc2)nc1
252,CCCC/C=C\CCOC(C=N1)=CN=C1C2=CC=C(CCCCCCC)C=C2,55,rod-like,CCCC/C=C\CCOc1cnc(-c2ccc(CCCCCCC)cc2)nc1
77,CCCCCC1CCC(CC1)C2=CC=C(C=C2)C#N,55,rod-like,CCCCCC1CCC(c2ccc(C#N)cc2)CC1
43,CCCCCCCCC1=CC=C(C=C1)C(=O)OC2=CC=C(C=C2)C#N,55,rod-like,CCCCCCCCc1ccc(C(=O)Oc2ccc(C#N)cc2)cc1
144,O=C(CCCC/C=C/C)OC(C=C1)=CC=C1C2=NC=C(CCCCCCC)C=N2,55,rod-like,C/C=C/CCCCC(=O)Oc1ccc(-c2ncc(CCCCCCC)cn2)cc1
659,FC(F)(C(F)(C(F)(C(F)(C(F)(C(F)(C(F)(C(F)(C)F)F)F)F)F)F)F)CCCCCCCCCCCOC1=C(OCCCCC)C=C2C3=CC(OCCCCC)=C(OCCCCC)C=C3C4=CC(OCCCCC)=C(OCCCCC)C=C4C2=C1,55,disc-like,CCCCCOc1cc2c3cc(OCCCCC)c(OCCCCC)cc3c3cc(OCCCCCCCCCCCC(F)(F)C(F)(F)C(F)(F)C(F)(F)C(F)(F)C(F)(F)C(F)(F)C(C)(F)F)c(OCCCCC)cc3c2cc1OCCCCC
38,CCCCCC1=CC=C(C=C1)C(=O)OC2=CC=C(C=C2)C#N,55.4,rod-like,CCCCCc1ccc(C(=O)Oc2ccc(C#N)cc2)cc1
707,ClC1=C(OCCCCCCCCC)C(OCCCCCCCCC)=CC2=C1C(C([N+]([O-])=O)=C(OCCCCCCCCC)C(OCCCCCCCCC)=C3)=C3C4=C2C=C(OCCCCCCCCC)C(OCCCCCCCCC)=C4[N+]([O-])=O,55.8,disc-like,CCCCCCCCCOc1cc2c3cc(OCCCCCCCCC)c(OCCCCCCCCC)c(Cl)c3c3c([N+](=O)[O-])c(OCCCCCCCCC)c(OCCCCCCCCC)cc3c2c([N+](=O)[O-])c1OCCCCCCCCC
159,O=C(CCCCCC=C)OC(C=C1)=CC=C1C2=NC=C(CCCCCCCCC)C=N2,56,rod-like,C=CCCCCCC(=O)Oc1ccc(-c2ncc(CCCCCCCCC)cn2)cc1
164,O=C(CCC/C=C\CC)OC(C=C1)=CC=C1C2=NC=C(CCCCCCC)C=C2,56,rod-like,CC/C=C\CCCC(=O)Oc1ccc(-c2ccc(CCCCCCC)cn2)cc1
162,O=C(C/C=C\CCCC)OC(C=C1)=CC=C1C2=NC=C(CCCCCCC)C=C2,56,rod-like,CCCC/C=C\CC(=O)Oc1ccc(-c2ccc(CCCCCCC)cn2)cc1
146,O=C(CCCCCCC)OC(C=C1)=CC=C1C2=NC=C(CCCCCCCC)C=N2,56,rod-like,CCCCCCCCc1cnc(-c2ccc(OC(=O)CCCCCCC)cc2)nc1
41,CCCCCCCC1=CC=C(C=C1)C(=O)OC2=CC=C(C=C2)C#N,56.5,rod-like,CCCCCCCc1ccc(C(=O)Oc2ccc(C#N)cc2)cc1
109,CCCCCC1CCC(CC1)C2=CC=C(C=C2)C3=CC(=C(C(=C3)F)F)F,56.5,rod-like,CCCCCC1CCC(c2ccc(-c3cc(F)c(F)c(F)c3)cc2)CC1
261,CC/C=C\CCCCOC(C=N1)=CN=C1C2=CC=C(CCCCCCCC)C=C2,57,rod-like,CC/C=C\CCCCOc1cnc(-c2ccc(CCCCCCCC)cc2)nc1
155,O=C(C/C=C\CCCC)OC(C=C1)=CC=C1C2=NC=C(CCCCCCCCC)C=N2,57,rod-like,CCCC/C=C\CC(=O)Oc1ccc(-c2ncc(CCCCCCCCC)cn2)cc1
61,CCCCCCCCCCCC1=CC=C(C=C1)C2=CC=C(C=C2)C#N,57.5,rod-like,CCCCCCCCCCCc1ccc(-c2ccc(C#N)cc2)cc1
268,CC/C=C\CCCCOC(C=N1)=CN=C1C2=CC=C(CCCCCCCCC)C=C2,58,rod-like,CC/C=C\CCCCOc1cnc(-c2ccc(CCCCCCCCC)cc2)nc1
68,CCCCCCCCCOC1=CC=C(C=C1)C2=CC=C(C=C2)C#N,58,rod-like,CCCCCCCCCOc1ccc(-c2ccc(C#N)cc2)cc1
139,O=C(CCCCCCC)OC(C=C1)=CC=C1C2=NC=C(CCCCCCC)C=N2,58,rod-like,CCCCCCCC(=O)Oc1ccc(-c2ncc(CCCCCCC)cn2)cc1
91,CCCCCC1=CC=C(C=C1)C#CC2=CC=C(C=C2)OC,58,rod-like,CCCCCc1ccc(C#Cc2ccc(OC)cc2)cc1
171,O=C(CCC/C=C\CC)OC(C=C1)=CC=C1C2=NC=C(CCCCCCCC)C=C2,59,rod-like,CC/C=C\CCCC(=O)Oc1ccc(-c2ccc(CCCCCCCC)cn2)cc1
169,O=C(C/C=C\CCCC)OC(C=C1)=CC=C1C2=NC=C(CCCCCCCC)C=C2,59,rod-like,CCCC/C=C\CC(=O)Oc1ccc(-c2ccc(CCCCCCCC)cn2)cc1
87,CCCCCCCCCCCCCCCCCC(=O)OC1CCC2(C3CCC4(C(C3CC=C2C1)CCC4C(C)CCCC(C)C)C)C,59.5,bend-core,CCCCCCCCCCCCCCCCCC(=O)OC1CCC2(C)C(=CCC3C2CCC2(C)C(C(C)CCCC(C)C)CCC32)C1
29,CCCCCCCCCC(=O)OC1=CC=C(C=C1)C2=NC=C(C=N2)CCCCCCCC,59.8,rod-like,CCCCCCCCCC(=O)Oc1ccc(-c2ncc(CCCCCCCC)cn2)cc1
158,O=C(CCCC/C=C/C)OC(C=C1)=CC=C1C2=NC=C(CCCCCCCCC)C=N2,60,rod-like,C/C=C/CCCCC(=O)Oc1ccc(-c2ncc(CCCCCCCCC)cn2)cc1
233,CC/C=C\CCCCOC(C=C1)=CC=C1C2=NC=C(CCCCCCCCC)C=N2,61,rod-like,CC/C=C\CCCCOc1ccc(-c2ncc(CCCCCCCCC)cn2)cc1
344,CCCCCCCCC1=CC=C(C2=NC=C(OCCCCC)C=N2)C=C1,61,rod-like,CCCCCCCCc1ccc(-c2ncc(OCCCCC)cn2)cc1
156,O=C(CC/C=C/CCC)OC(C=C1)=CC=C1C2=NC=C(CCCCCCCCC)C=N2,61,rod-like,CCC/C=C/CCC(=O)Oc1ccc(-c2ncc(CCCCCCCCC)cn2)cc1
89,CCCC1=CC=C(C=C1)C#CC2=CC=C(C=C2)OC,61.4,rod-like,CCCc1ccc(C#Cc2ccc(OC)cc2)cc1
330,CCCCCCC1=CC=C(C2=NC=C(OCCCCC)C=N2)C=C1,62,rod-like,CCCCCCc1ccc(-c2ncc(OCCCCC)cn2)cc1
687,CCCCCCCCCOC(C=C1)=C(OCCCCCCCCC)C=C1C(C(C2=CC=C(OCCCCCCCCC)C(OCCCCCCCCC)=C2)=C3)=CC4=C3OCCOCCOCCOC(C=C(C5=CC(OCCCCCCCCC)=C(OCCCCCCCCC)C=C5)C(C6=CC=C(OCCCCCCCCC)C(OCCCCCCCCC)=C6)=C7)=C7OCCOCCOCCO4,62,disc-like,CCCCCCCCCOc1ccc(-c2cc3c(cc2-c2ccc(OCCCCCCCCC)c(OCCCCCCCCC)c2)OCCOCCOCCOc2cc(-c4ccc(OCCCCCCCCC)c(OCCCCCCCCC)c4)c(-c4ccc(OCCCCCCCCC)c(OCCCCCCCCC)c4)cc2OCCOCCOCCO3)cc1OCCCCCCCCC
351,CCCCCCCCCC1=CC=C(C2=NC=C(OCCCCC)C=N2)C=C1,63,rod-like,CCCCCCCCCc1ccc(-c2ncc(OCCCCC)cn2)cc1
690,CCCCCCCCCCCCOC(C=C1)=C(OCCCCCCCCCCCC)C=C1C(C(C2=CC=C(OCCCCCCCCCCCC)C(OCCCCCCCCCCCC)=C2)=C3)=CC4=C3OCCOCCOCCOC(C=C(C5=CC(OCCCCCCCCCCCC)=C(OCCCCCCCCCCCC)C=C5)C(C6=CC=C(OCCCCCCCCCCCC)C(OCCCCCCCCCCCC)=C6)=C7)=C7OCCOCCOCCO4,63,disc-like,CCCCCCCCCCCCOc1ccc(-c2cc3c(cc2-c2ccc(OCCCCCCCCCCCC)c(OCCCCCCCCCCCC)c2)OCCOCCOCCOc2cc(-c4ccc(OCCCCCCCCCCCC)c(OCCCCCCCCCCCC)c4)c(-c4ccc(OCCCCCCCCCCCC)c(OCCCCCCCCCCCC)c4)cc2OCCOCCOCCO3)cc1OCCCCCCCCCCCC
301,C=CCCOC(C=N1)=CN=C1C2=CC=C(CCCCCC)C=C2,64,rod-like,C=CCCOc1cnc(-c2ccc(CCCCCC)cc2)nc1
176,O=C(C/C=C\CCCC)OC(C=C1)=CC=C1C2=NC=C(CCCCCCCCC)C=C2,65,rod-like,CCCC/C=C\CC(=O)Oc1ccc(-c2ccc(CCCCCCCCC)cn2)cc1
323,C=CCCOC(C=N1)=CN=C1C2=CC=C(CCCCCCCCC)C=C2,65,rod-like,C=CCCOc1cnc(-c2ccc(CCCCCCCCC)cc2)nc1
18,CCCCCCCCC1=CN=C(N=C1)C2=CC=C(C=C2)OCCCCCC,65,rod-like,CCCCCCCCc1cnc(-c2ccc(OCCCCCC)cc2)nc1
337,CCCCCCCC1=CC=C(C2=NC=C(OCCCCC)C=N2)C=C1,66,rod-like,CCCCCCCc1ccc(-c2ncc(OCCCCC)cn2)cc1
238,CCCC/C=C\CCOC(C=C1)=CC=C1C2=NC=C(CCCCCCCCC)C=C2,66,rod-like,CCCC/C=C\CCOc1ccc(-c2ccc(CCCCCCCCC)cn2)cc1
192,O=C(/C=C/CCCC)OC(C=C1)=CC=C1C2=NC=C(CCCCCCCC)C=N2,66,rod-like,CCCC/C=C/C(=O)Oc1ccc(-c2ncc(CCCCCCCC)cn2)cc1
46,CCCCCCCCOC1=CC=C(C=C1)C(=O)OC2=CC=C(C=C2)CCCCC,66,rod-like,CCCCCCCCOc1ccc(C(=O)Oc2ccc(CCCCC)cc2)cc1
688,CCCCCCCCCCOC(C=C1)=C(OCCCCCCCCCC)C=C1C(C(C2=CC=C(OCCCCCCCCCC)C(OCCCCCCCCCC)=C2)=C3)=CC4=C3OCCOCCOCCOC(C=C(C5=CC(OCCCCCCCCCC)=C(OCCCCCCCCCC)C=C5)C(C6=CC=C(OCCCCCCCCCC)C(OCCCCCCCCCC)=C6)=C7)=C7OCCOCCOCCO4,66,disc-like,CCCCCCCCCCOc1ccc(-c2cc3c(cc2-c2ccc(OCCCCCCCCCC)c(OCCCCCCCCCC)c2)OCCOCCOCCOc2cc(-c4ccc(OCCCCCCCCCC)c(OCCCCCCCCCC)c4)c(-c4ccc(OCCCCCCCCCC)c(OCCCCCCCCCC)c4)cc2OCCOCCOCCO3)cc1OCCCCCCCCCC
235,C=CCCCCCCOC(C=C1)=CC=C1C2=NC=C(CCCCCCCCC)C=N2,67,rod-like,C=CCCCCCCOc1ccc(-c2ncc(CCCCCCCCC)cn2)cc1
112,CCCCCCOC1=CC=C(C=C1)C(=O)OC2=CC=C(C=C2)OCCCCCCOC(=O)C=C,67,rod-like,C=CC(=O)OCCCCCCOc1ccc(OC(=O)c2ccc(OCCCCCC)cc2)cc1
308,C=CCCOC(C=N1)=CN=C1C2=CC=C(CCCCCCC)C=C2,67,rod-like,C=CCCOc1cnc(-c2ccc(CCCCCCC)cc2)nc1
31,CCCCCCCCCCC1=CN=C(N=C1)C2=CC=C(C=C2)OC(=O)CCCCCCCC,67.2,rod-like,CCCCCCCCCCc1cnc(-c2ccc(OC(=O)CCCCCCCC)cc2)nc1
23,CCCCCCCCC1=CN=C(N=C1)C2=CC=C(C=C2)OCCCCCCCC,68,rod-like,CCCCCCCCOc1ccc(-c2ncc(CCCCCCCC)cn2)cc1
677,CCCCCCCCCOC1=C(OCCCCCCCCC)C=CC(C2=CC(OCCOC3=CC(C4=CC=C(OCCCCCCCCC)C(OCCCCCCCCC)=C4)=C(C5=CC(OCCCCCCCCC)=C(OCCCCCCCCC)C=C5)C=C3OCCO6)=C6C=C2C7=CC=C(OCCCCCCCCC)C(OCCCCCCCCC)=C7)=C1,68,disc-like,CCCCCCCCCOc1ccc(-c2cc3c(cc2-c2ccc(OCCCCCCCCC)c(OCCCCCCCCC)c2)OCCOc2cc(-c4ccc(OCCCCCCCCC)c(OCCCCCCCCC)c4)c(-c4ccc(OCCCCCCCCC)c(OCCCCCCCCC)c4)cc2OCCO3)cc1OCCCCCCCCC
689,CCCCCCCCCCCOC(C=C1)=C(OCCCCCCCCCCC)C=C1C(C(C2=CC=C(OCCCCCCCCCCC)C(OCCCCCCCCCCC)=C2)=C3)=CC4=C3OCCOCCOCCOC(C=C(C5=CC(OCCCCCCCCCCC)=C(OCCCCCCCCCCC)C=C5)C(C6=CC=C(OCCCCCCCCCCC)C(OCCCCCCCCCCC)=C6)=C7)=C7OCCOCCOCCO4,68,disc-like,CCCCCCCCCCCOc1ccc(-c2cc3c(cc2-c2ccc(OCCCCCCCCCCC)c(OCCCCCCCCCCC)c2)OCCOCCOCCOc2cc(-c4ccc(OCCCCCCCCCCC)c(OCCCCCCCCCCC)c4)c(-c4ccc(OCCCCCCCCCCC)c(OCCCCCCCCCCC)c4)cc2OCCOCCOCCO3)cc1OCCCCCCCCCCC
681,CCCCCCCCCCCCCCOC1=C(OCCCCCCCCCCCCCC)C=CC(C2=CC(OCCOC3=CC(C4=CC=C(OCCCCCCCCCCCCCC)C(OCCCCCCCCCCCCCC)=C4)=C(C5=CC(OCCCCCCCCCCCCCC)=C(OCCCCCCCCCCCCCC)C=C5)C=C3OCCO6)=C6C=C2C7=CC=C(OCCCCCCCCCCCCCC)C(OCCCCCCCCCCCCCC)=C7)=C1,68,disc-like,CCCCCCCCCCCCCCOc1ccc(-c2cc3c(cc2-c2ccc(OCCCCCCCCCCCCCC)c(OCCCCCCCCCCCCCC)c2)OCCOc2cc(-c4ccc(OCCCCCCCCCCCCCC)c(OCCCCCCCCCCCCCC)c4)c(-c4ccc(OCCCCCCCCCCCCCC)c(OCCCCCCCCCCCCCC)c4)cc2OCCO3)cc1OCCCCCCCCCCCCCC
63,CCCOC1=CC=C(C=C1)C2=CC=C(C=C2)C#N,69,rod-like,CCCOc1ccc(-c2ccc(C#N)cc2)cc1
314,C=CCOC(C=N1)=CN=C1C2=CC=C(CCCCCCCC)C=C2,69,rod-like,C=CCOc1cnc(-c2ccc(CCCCCCCC)cc2)nc1
182,O=C(/C=C/CC)OC(C=C1)=CC=C1C2=NC=C(CCCCCCC)C=N2,69,rod-like,CC/C=C/C(=O)Oc1ccc(-c2ncc(CCCCCCC)cn2)cc1
678,CCCCCCCCCCOC1=C(OCCCCCCCCCC)C=CC(C2=CC(OCCOC3=CC(C4=CC=C(OCCCCCCCCCC)C(OCCCCCCCCCC)=C4)=C(C5=CC(OCCCCCCCCCC)=C(OCCCCCCCCCC)C=C5)C=C3OCCO6)=C6C=C2C7=CC=C(OCCCCCCCCCC)C(OCCCCCCCCCC)=C7)=C1,69,disc-like,CCCCCCCCCCOc1ccc(-c2cc3c(cc2-c2ccc(OCCCCCCCCCC)c(OCCCCCCCCCC)c2)OCCOc2cc(-c4ccc(OCCCCCCCCCC)c(OCCCCCCCCCC)c4)c(-c4ccc(OCCCCCCCCCC)c(OCCCCCCCCCC)c4)cc2OCCO3)cc1OCCCCCCCCCC
95,CCCCCCCCCCOC1=C(C=C2C(=C1)C3=CC(=C(C=C3C4=CC(=C(C=C24)OCCCCCCCCCC)OCCCCCCCCCC)OCCCCCCCCCC)OCCCCCCCCCC)OCCCCCCCCCC,69,disc-like,CCCCCCCCCCOc1cc2c3cc(OCCCCCCCCCC)c(OCCCCCCCCCC)cc3c3cc(OCCCCCCCCCC)c(OCCCCCCCCCC)cc3c2cc1OCCCCCCCCCC
20,CCCCCCCCOC1=CC=C(C=C1)C2=NC=C(C=N2)CCCCCCC,69.5,rod-like,CCCCCCCCOc1ccc(-c2ncc(CCCCCCC)cn2)cc1
27,CCCCCCCCCCOC1=CC=C(C=C1)C2=NC=C(C=N2)CCCCCCCC,69.5,rod-like,CCCCCCCCCCOc1ccc(-c2ncc(CCCCCCCC)cn2)cc1
322,C=CCOC(C=N1)=CN=C1C2=CC=C(CCCCCCCCC)C=C2,70,rod-like,C=CCOc1cnc(-c2ccc(CCCCCCCCC)cc2)nc1
193,O=C(/C=C/CCCCCC)OC(C=C1)=CC=C1C2=NC=C(CCCCCCCC)C=N2,70,rod-like,CCCCCC/C=C/C(=O)Oc1ccc(-c2ncc(CCCCCCCC)cn2)cc1
200,O=C(/C=C/CCCC)OC(C=C1)=CC=C1C2=NC=C(CCCCCCCCC)C=N2,70,rod-like,CCCC/C=C/C(=O)Oc1ccc(-c2ncc(CCCCCCCCC)cn2)cc1
198,O=C(/C=C/CC)OC(C=C1)=CC=C1C2=NC=C(CCCCCCCCC)C=N2,70,rod-like,CC/C=C/C(=O)Oc1ccc(-c2ncc(CCCCCCCCC)cn2)cc1
240,CC/C=C\CCCCOC(C=C1)=CC=C1C2=NC=C(CCCCCCCCC)C=C2,71,rod-like,CC/C=C\CCCCOc1ccc(-c2ccc(CCCCCCCCC)cn2)cc1
679,CCCCCCCCCCCOC1=C(OCCCCCCCCCCC)C=CC(C2=CC(OCCOC3=CC(C4=CC=C(OCCCCCCCCCCC)C(OCCCCCCCCCCC)=C4)=C(C5=CC(OCCCCCCCCCCC)=C(OCCCCCCCCCCC)C=C5)C=C3OCCO6)=C6C=C2C7=CC=C(OCCCCCCCCCCC)C(OCCCCCCCCCCC)=C7)=C1,71,disc-like,CCCCCCCCCCCOc1ccc(-c2cc3c(cc2-c2ccc(OCCCCCCCCCCC)c(OCCCCCCCCCCC)c2)OCCOc2cc(-c4ccc(OCCCCCCCCCCC)c(OCCCCCCCCCCC)c4)c(-c4ccc(OCCCCCCCCCCC)c(OCCCCCCCCCCC)c4)cc2OCCO3)cc1OCCCCCCCCCCC
307,C=CCOC(C=N1)=CN=C1C2=CC=C(CCCCCCC)C=C2,72,rod-like,C=CCOc1cnc(-c2ccc(CCCCCCC)cc2)nc1
184,O=C(/C=C/CCCC)OC(C=C1)=CC=C1C2=NC=C(CCCCCCC)C=N2,72,rod-like,CCCC/C=C/C(=O)Oc1ccc(-c2ncc(CCCCCCC)cn2)cc1
234,C/C=C/CCCCCOC(C=C1)=CC=C1C2=NC=C(CCCCCCCCC)C=N2,72,rod-like,C/C=C/CCCCCOc1ccc(-c2ncc(CCCCCCCCC)cn2)cc1
691,CCCCCCCCCCCCCCOC(C=C1)=C(OCCCCCCCCCCCCCC)C=C1C(C(C2=CC=C(OCCCCCCCCCCCCCC)C(OCCCCCCCCCCCCCC)=C2)=C3)=CC4=C3OCCOCCOCCOC(C=C(C5=CC(OCCCCCCCCCCCCCC)=C(OCCCCCCCCCCCCCC)C=C5)C(C6=CC=C(OCCCCCCCCCCCCCC)C(OCCCCCCCCCCCCCC)=C6)=C7)=C7OCCOCCOCCO4,72,disc-like,CCCCCCCCCCCCCCOc1ccc(-c2cc3c(cc2-c2ccc(OCCCCCCCCCCCCCC)c(OCCCCCCCCCCCCCC)c2)OCCOCCOCCOc2cc(-c4ccc(OCCCCCCCCCCCCCC)c(OCCCCCCCCCCCCCC)c4)c(-c4ccc(OCCCCCCCCCCCCCC)c(OCCCCCCCCCCCCCC)c4)cc2OCCOCCOCCO3)cc1OCCCCCCCCCCCCCC
287,CCCCCCCCC1=CC=C(C2=NC=C(OC/C=C/CCCCCCC)C=N2)C=C1,73,rod-like,CCCCCCC/C=C/COc1cnc(-c2ccc(CCCCCCCC)cc2)nc1
232,CCC/C=C/CCCOC(C=C1)=CC=C1C2=NC=C(CCCCCCCCC)C=N2,73,rod-like,CCC/C=C/CCCOc1ccc(-c2ncc(CCCCCCCCC)cn2)cc1
280,CCCCCCCC1=CC=C(C2=NC=C(OC/C=C/CCCCCCC)C=N2)C=C1,73,rod-like,CCCCCCC/C=C/COc1cnc(-c2ccc(CCCCCCC)cc2)nc1
172,O=C(CCCC/C=C/C)OC(C=C1)=CC=C1C2=NC=C(CCCCCCCC)C=C2,73,rod-like,C/C=C/CCCCC(=O)Oc1ccc(-c2ccc(CCCCCCCC)cn2)cc1
645,CC(C)CCCC(C)CCOC(C(C)=C1)=CC=C1C#CC(C(OCCC(C)CCCC(C)C)=C2C#CC3=CC=C(OCCC(C)CCCC(C)C)C(C)=C3)=C(C#CC4=CC=C(OCCC(C)CCCC(C)C)C(C)=C4)C(C#CC5=CC=C(OCCC(C)CCCC(C)C)C(C)=C5)=C2C#CC6=CC=C(OCCC(C)CCCC(C)C)C(C)=C6,73,disc-like,Cc1cc(C#Cc2c(C#Cc3ccc(OCCC(C)CCCC(C)C)c(C)c3)c(C#Cc3ccc(OCCC(C)CCCC(C)C)c(C)c3)c(OCCC(C)CCCC(C)C)c(C#Cc3ccc(OCCC(C)CCCC(C)C)c(C)c3)c2C#Cc2ccc(OCCC(C)CCCC(C)C)c(C)c2)ccc1OCCC(C)CCCC(C)C
187,O=C(/C=C/CCCCCCCC)OC(C=C1)=CC=C1C2=NC=C(CCCCCCC)C=N2,74,rod-like,CCCCCCCC/C=C/C(=O)Oc1ccc(-c2ncc(CCCCCCC)cn2)cc1
195,O=C(/C=C/CCCCCCCC)OC(C=C1)=CC=C1C2=NC=C(CCCCCCCC)C=N2,74,rod-like,CCCCCCCC/C=C/C(=O)Oc1ccc(-c2ncc(CCCCCCCC)cn2)cc1
85,CCCCCCCCCCCOC(=O)OC1CCC2(C3CCC4(C(C3CC=C2C1)CCC4C(C)CCCC(C)C)C)C,74.4,bend-core,CCCCCCCCCCCOC(=O)OC1CCC2(C)C(=CCC3C2CCC2(C)C(C(C)CCCC(C)C)CCC32)C1
24,CCCCCCCCCC1=CN=C(N=C1)C2=CC=C(C=C2)OCCCCCCC,74.5,rod-like,CCCCCCCCCc1cnc(-c2ccc(OCCCCCCC)cc2)nc1
66,CCCCCCCOC1=CC=C(C=C1)C2=CC=C(C=C2)C#N,75,rod-like,CCCCCCCOc1ccc(-c2ccc(C#N)cc2)cc1
229,CCCCCCCCOC(C=C1)=CC=C1C2=NC=C(CCCCCCCCC)C=N2,75,rod-like,CCCCCCCCCc1cnc(-c2ccc(OCCCCCCCC)cc2)nc1
216,O=C(/C=C/CCCC)OC(C=C1)=CC=C1C2=NC=C(CCCCCCCC)C=C2,75,rod-like,CCCC/C=C/C(=O)Oc1ccc(-c2ccc(CCCCCCCC)cn2)cc1
206,O=C(/C=C/CC)OC(C=C1)=CC=C1C2=NC=C(CCCCCCC)C=C2,75,rod-like,CC/C=C/C(=O)Oc1ccc(-c2ccc(CCCCCCC)cn2)cc1
191,O=C(/C=C/CCC)OC(C=C1)=CC=C1C2=NC=C(CCCCCCCC)C=N2,76,rod-like,CCC/C=C/C(=O)Oc1ccc(-c2ncc(CCCCCCCC)cn2)cc1
317,C=CCCCCOC(C=N1)=CN=C1C2=CC=C(CCCCCCCC)C=C2,76,rod-like,C=CCCCCOc1cnc(-c2ccc(CCCCCCCC)cc2)nc1
180,O=C(CCCCCC=C)OC(C=C1)=CC=C1C2=NC=C(CCCCCCCCC)C=C2,76,rod-like,C=CCCCCCC(=O)Oc1ccc(-c2ccc(CCCCCCCCC)cn2)cc1
201,O=C(/C=C/CCCCCC)OC(C=C1)=CC=C1C2=NC=C(CCCCCCCCC)C=N2,76,rod-like,CCCCCC/C=C/C(=O)Oc1ccc(-c2ncc(CCCCCCCCC)cn2)cc1
65,CCCCCCOC1=CC=C(C=C1)C2=CC=C(C=C2)C#N,76,rod-like,CCCCCCOc1ccc(-c2ccc(C#N)cc2)cc1
185,O=C(/C=C/CCCCCC)OC(C=C1)=CC=C1C2=NC=C(CCCCCCC)C=N2,76,rod-like,CCCCCC/C=C/C(=O)Oc1ccc(-c2ncc(CCCCCCC)cn2)cc1
345,CCCCCCCCC1=CC=C(C2=NC=C(OCCCCCC)C=N2)C=C1,76,rod-like,CCCCCCCCc1ccc(-c2ncc(OCCCCCC)cn2)cc1
272,CCCCCCC1=CC=C(C2=NC=C(OC/C=C/CCCCCC)C=N2)C=C1,76,rod-like,CCCCCC/C=C/COc1cnc(-c2ccc(CCCCCC)cc2)nc1
293,CCCCCCCCCC1=CC=C(C2=NC=C(OC/C=C/CCCCCC)C=N2)C=C1,77,rod-like,CCCCCC/C=C/COc1cnc(-c2ccc(CCCCCCCCC)cc2)nc1
325,C=CCCCCOC(C=N1)=CN=C1C2=CC=C(CCCCCCCCC)C=C2,77,rod-like,C=CCCCCOc1cnc(-c2ccc(CCCCCCCCC)cc2)nc1
331,CCCCCCC1=CC=C(C2=NC=C(OCCCCCC)C=N2)C=C1,77,rod-like,CCCCCCOc1cnc(-c2ccc(CCCCCC)cc2)nc1
42,CCCCCCOC1=CC=C(C=C1)OC(=O)C2=CC=C(C=C2)OC,77,rod-like,CCCCCCOc1ccc(OC(=O)c2ccc(OC)cc2)cc1
286,CCCCCCCCC1=CC=C(C2=NC=C(OC/C=C/CCCCCC)C=N2)C=C1,77,rod-like,CCCCCC/C=C/COc1cnc(-c2ccc(CCCCCCCC)cc2)nc1
352,CCCCCCCCCC1=CC=C(C2=NC=C(OCCCCCC)C=N2)C=C1,77,rod-like,CCCCCCCCCc1ccc(-c2ncc(OCCCCCC)cn2)cc1
222,O=C(/C=C/CC)OC(C=C1)=CC=C1C2=NC=C(CCCCCCCCC)C=C2,77,rod-like,CC/C=C/C(=O)Oc1ccc(-c2ccc(CCCCCCCCC)cn2)cc1
160,O=C(CCCCCCC)OC(C=C1)=CC=C1C2=NC=C(CCCCCCC)C=C2,77,rod-like,CCCCCCCC(=O)Oc1ccc(-c2ccc(CCCCCCC)cn2)cc1
332,CCCCCCC1=CC=C(C2=NC=C(OCCCCCCC)C=N2)C=C1,77,rod-like,CCCCCCCOc1cnc(-c2ccc(CCCCCC)cc2)nc1
242,C=CCCCCCCOC(C=C1)=CC=C1C2=NC=C(CCCCCCCCC)C=C2,78,rod-like,C=CCCCCCCOc1ccc(-c2ccc(CCCCCCCCC)cn2)cc1
339,CCCCCCCC1=CC=C(C2=NC=C(OCCCCCCC)C=N2)C=C1,78,rod-like,CCCCCCCOc1cnc(-c2ccc(CCCCCCC)cc2)nc1
196,O=C(/C=C/CCCCCCCCC)OC(C=C1)=CC=C1C2=NC=C(CCCCCCCC)C=N2,78,rod-like,CCCCCCCCC/C=C/C(=O)Oc1ccc(-c2ncc(CCCCCCCC)cn2)cc1
274,CCCCCCC1=CC=C(C2=NC=C(OC/C=C/CCCCCCCCC)C=N2)C=C1,78,rod-like,CCCCCCCCC/C=C/COc1cnc(-c2ccc(CCCCCC)cc2)nc1
353,CCCCCCCCCC1=CC=C(C2=NC=C(OCCCCCCC)C=N2)C=C1,78,rod-like,CCCCCCCCCc1ccc(-c2ncc(OCCCCCCC)cn2)cc1
338,CCCCCCCC1=CC=C(C2=NC=C(OCCCCCC)C=N2)C=C1,78,rod-like,CCCCCCCc1ccc(-c2ncc(OCCCCCC)cn2)cc1
154,O=C(/C=C/CCCCC)OC(C=C1)=CC=C1C2=NC=C(CCCCCCCCC)C=N2,79,rod-like,CCCCC/C=C/C(=O)Oc1ccc(-c2ncc(CCCCCCCCC)cn2)cc1
288,CCCCCCCCC1=CC=C(C2=NC=C(OC/C=C/CCCCCCCCC)C=N2)C=C1,79,rod-like,CCCCCCCCC/C=C/COc1cnc(-c2ccc(CCCCCCCC)cc2)nc1
302,C=CCCCOC(C=N1)=CN=C1C2=CC=C(CCCCCC)C=C2,79,rod-like,C=CCCCOc1cnc(-c2ccc(CCCCCC)cc2)nc1
208,O=C(/C=C/CCCC)OC(C=C1)=CC=C1C2=NC=C(CCCCCCC)C=C2,79,rod-like,CCCC/C=C/C(=O)Oc1ccc(-c2ccc(CCCCCCC)cn2)cc1
86,CCCCCCCCCCCCCCCC(=O)OC1CCC2(C3CCC4(C(C3CC=C2C1)CCC4C(C)CCCC(C)C)C)C,79.8,bend-core,CCCCCCCCCCCCCCCC(=O)OC1CCC2(C)C(=CCC3C2CCC2(C)C(C(C)CCCC(C)C)CCC32)C1
67,CCCCCCCCOC1=CC=C(C=C1)C2=CC=C(C=C2)C#N,80,rod-like,CCCCCCCCOc1ccc(-c2ccc(C#N)cc2)cc1
296,CCCCCCCCCC1=CC=C(C2=NC=C(OC/C=C/CCCCCCCCC)C=N2)C=C1,80,rod-like,CCCCCCCCC/C=C/COc1cnc(-c2ccc(CCCCCCCCC)cc2)nc1
316,C=CCCCOC(C=N1)=CN=C1C2=CC=C(CCCCCCCC)C=C2,80,rod-like,C=CCCCOc1cnc(-c2ccc(CCCCCCCC)cc2)nc1
246,CCC/C=C/CCCOC(C=N1)=CN=C1C2=CC=C(CCCCCC)C=C2,80,rod-like,CCC/C=C/CCCOc1cnc(-c2ccc(CCCCCC)cc2)nc1
244,CCCCC/C=C/COC(C=N1)=CN=C1C2=CC=C(CCCCCC)C=C2,80,rod-like,CCCCC/C=C/COc1cnc(-c2ccc(CCCCCC)cc2)nc1
140,O=C(/C=C/CCCCC)OC(C=C1)=CC=C1C2=NC=C(CCCCCCC)C=N2,80,rod-like,CCCCC/C=C/C(=O)Oc1ccc(-c2ncc(CCCCCCC)cn2)cc1
281,CCCCCCCC1=CC=C(C2=NC=C(OC/C=C/CCCCCCCCC)C=N2)C=C1,80,rod-like,CCCCCCCCC/C=C/COc1cnc(-c2ccc(CCCCCCC)cc2)nc1
92,CCCCC1=CC=C(C=C1)C#CC2=CC=C(C=C2)OCC,80,rod-like,CCCCc1ccc(C#Cc2ccc(OCC)cc2)cc1
217,O=C(/C=C/CCCCCC)OC(C=C1)=CC=C1C2=NC=C(CCCCCCCC)C=C2,80,rod-like,CCCCCC/C=C/C(=O)Oc1ccc(-c2ccc(CCCCCCCC)cn2)cc1
188,O=C(/C=C/CCCCCCCCC)OC(C=C1)=CC=C1C2=NC=C(CCCCCCC)C=N2,80,rod-like,CCCCCCCCC/C=C/C(=O)Oc1ccc(-c2ncc(CCCCCCC)cn2)cc1
179,O=C(CCCC/C=C/C)OC(C=C1)=CC=C1C2=NC=C(CCCCCCCCC)C=C2,80,rod-like,C/C=C/CCCCC(=O)Oc1ccc(-c2ccc(CCCCCCCCC)cn2)cc1
224,O=C(/C=C/CCCC)OC(C=C1)=CC=C1C2=NC=C(CCCCCCCCC)C=C2,80,rod-like,CCCC/C=C/C(=O)Oc1ccc(-c2ccc(CCCCCCCCC)cn2)cc1
199,O=C(/C=C/CCC)OC(C=C1)=CC=C1C2=NC=C(CCCCCCCCC)C=N2,81,rod-like,CCC/C=C/C(=O)Oc1ccc(-c2ncc(CCCCCCCCC)cn2)cc1
303,C=CCCCCCOC(C=N1)=CN=C1C2=CC=C(CCCCCC)C=C2,81,rod-like,C=CCCCCCOc1cnc(-c2ccc(CCCCCC)cc2)nc1
324,C=CCCCOC(C=N1)=CN=C1C2=CC=C(CCCCCCCCC)C=C2,81,rod-like,C=CCCCOc1cnc(-c2ccc(CCCCCCCCC)cc2)nc1
306,C=CCCCCCCCCOC(C=N1)=CN=C1C2=CC=C(CCCCCC)C=C2,81,rod-like,C=CCCCCCCCCOc1cnc(-c2ccc(CCCCCC)cc2)nc1
305,C=CCCCCCCCOC(C=N1)=CN=C1C2=CC=C(CCCCCC)C=C2,82,rod-like,C=CCCCCCCCOc1cnc(-c2ccc(CCCCCC)cc2)nc1
295,CCCCCCCCCC1=CC=C(C2=NC=C(OC/C=C/CCCCCCCC)C=N2)C=C1,82,rod-like,CCCCCCCC/C=C/COc1cnc(-c2ccc(CCCCCCCCC)cc2)nc1
204,O=C(/C=C/CCCCCCCCC)OC(C=C1)=CC=C1C2=NC=C(CCCCCCCCC)C=N2,82,rod-like,CCCCCCCCC/C=C/C(=O)Oc1ccc(-c2ncc(CCCCCCCCC)cn2)cc1
183,O=C(/C=C/CCC)OC(C=C1)=CC=C1C2=NC=C(CCCCCCC)C=N2,82,rod-like,CCC/C=C/C(=O)Oc1ccc(-c2ncc(CCCCCCC)cn2)cc1
267,CCC/C=C/CCCOC(C=N1)=CN=C1C2=CC=C(CCCCCCCCC)C=C2,82,rod-like,CCC/C=C/CCCOc1cnc(-c2ccc(CCCCCCCCC)cc2)nc1
260,CCC/C=C/CCCOC(C=N1)=CN=C1C2=CC=C(CCCCCCCC)C=C2,82,rod-like,CCC/C=C/CCCOc1cnc(-c2ccc(CCCCCCCC)cc2)nc1
253,CCC/C=C/CCCOC(C=N1)=CN=C1C2=CC=C(CCCCCCC)C=C2,82,rod-like,CCC/C=C/CCCOc1cnc(-c2ccc(CCCCCCC)cc2)nc1
275,CCCCCCC1=CC=C(C2=NC=C(OC/C=C/CCCCCCCCCC)C=N2)C=C1,82,rod-like,CCCCCCCCCC/C=C/COc1cnc(-c2ccc(CCCCCC)cc2)nc1
276,CCCCCCC1=CC=C(C2=NC=C(OC/C=C/CCCCCCCCCCC)C=N2)C=C1,82,rod-like,CCCCCCCCCCC/C=C/COc1cnc(-c2ccc(CCCCCC)cc2)nc1
265,CCCCC/C=C/COC(C=N1)=CN=C1C2=CC=C(CCCCCCCCC)C=C2,82,rod-like,CCCCC/C=C/COc1cnc(-c2ccc(CCCCCCCCC)cc2)nc1
168,O=C(/C=C/CCCCC)OC(C=C1)=CC=C1C2=NC=C(CCCCCCCC)C=C2,83,rod-like,CCCCC/C=C/C(=O)Oc1ccc(-c2ccc(CCCCCCCC)cn2)cc1
209,O=C(/C=C/CCCCCC)OC(C=C1)=CC=C1C2=NC=C(CCCCCCC)C=C2,83,rod-like,CCCCCC/C=C/C(=O)Oc1ccc(-c2ccc(CCCCCCC)cn2)cc1
318,C=CCCCCCOC(C=N1)=CN=C1C2=CC=C(CCCCCCCC)C=C2,83,rod-like,C=CCCCCCOc1cnc(-c2ccc(CCCCCCCC)cc2)nc1
69,CCCCCCCCCCOC1=CC=C(C=C1)C2=CC=C(C=C2)C#N,83,rod-like,CCCCCCCCCCOc1ccc(-c2ccc(C#N)cc2)cc1
225,O=C(/C=C/CCCCCC)OC(C=C1)=CC=C1C2=NC=C(CCCCCCCCC)C=C2,83,rod-like,CCCCCC/C=C/C(=O)Oc1ccc(-c2ccc(CCCCCCCCC)cn2)cc1
641,CCCCCCCCCC(C=C1)=CC=C1C#CC2=C(C#CC3=CC=C(CCCCCCCCC)C=C3)C(C#CC4=CC=C(CCCCCCCCC)C=C4)=C(C#CC5=CC=C(CCCCCCCCC)C=C5)C(C#CC6=CC=C(CCCCCCCCC)C=C6)=C2C#CC7=CC=C(CCCCCCCCC)C=C7,83,disc-like,CCCCCCCCCc1ccc(C#Cc2c(C#Cc3ccc(CCCCCCCCC)cc3)c(C#Cc3ccc(CCCCCCCCC)cc3)c(C#Cc3ccc(CCCCCCCCC)cc3)c(C#Cc3ccc(CCCCCCCCC)cc3)c2C#Cc2ccc(CCCCCCCCC)cc2)cc1
258,CCCCC/C=C/COC(C=N1)=CN=C1C2=CC=C(CCCCCCCC)C=C2,84,rod-like,CCCCC/C=C/COc1cnc(-c2ccc(CCCCCCCC)cc2)nc1
289,CCCCCCCCC1=CC=C(C2=NC=C(OC/C=C/CCCCCCCCCC)C=N2)C=C1,84,rod-like,CCCCCCCCCC/C=C/COc1cnc(-c2ccc(CCCCCCCC)cc2)nc1
320,C=CCCCCCCCOC(C=N1)=CN=C1C2=CC=C(CCCCCCCC)C=C2,84,rod-like,C=CCCCCCCCOc1cnc(-c2ccc(CCCCCCCC)cc2)nc1
297,CCCCCCCCCC1=CC=C(C2=NC=C(OC/C=C/CCCCCCCCCC)C=N2)C=C1,84,rod-like,CCCCCCCCCC/C=C/COc1cnc(-c2ccc(CCCCCCCCC)cc2)nc1
241,C/C=C/CCCCCOC(C=C1)=CC=C1C2=NC=C(CCCCCCCCC)C=C2,84,rod-like,C/C=C/CCCCCOc1ccc(-c2ccc(CCCCCCCCC)cn2)cc1
277,CCCCCCC1=CC=C(C2=NC=C(OC/C=C/CCCCCCCCCCCC)C=N2)C=C1,84,rod-like,CCCCCCCCCCCC/C=C/COc1cnc(-c2ccc(CCCCCC)cc2)nc1
177,O=C(CC/C=C/CCC)OC(C=C1)=CC=C1C2=NC=C(CCCCCCCCC)C=C2,84,rod-like,CCC/C=C/CCC(=O)Oc1ccc(-c2ccc(CCCCCCCCC)cn2)cc1
257,C=CCCCCCCOC(C=N1)=CN=C1C2=CC=C(CCCCCCCC)C=C2,84,rod-like,C=CCCCCCCOc1cnc(-c2ccc(CCCCCCCC)cc2)nc1
310,C=CCCCCCOC(C=N1)=CN=C1C2=CC=C(CCCCCCC)C=C2,84,rod-like,C=CCCCCCOc1cnc(-c2ccc(CCCCCCC)cc2)nc1
602,O=C(CCCCCCC)OC1=C(OC(CCCCCCC)=O)C(OC(CCCCCCC)=O)=C(OC(CCCCCCC)=O)C(OC(CCCCCCC)=O)=C1OC(CCCCCCC)=O,84,disc-like,CCCCCCCC(=O)Oc1c(OC(=O)CCCCCCC)c(OC(=O)CCCCCCC)c(OC(=O)CCCCCCC)c(OC(=O)CCCCCCC)c1OC(=O)CCCCCCC
347,CCCCCCCCC1=CC=C(C2=NC=C(OCCCCCCCCC)C=N2)C=C1,85,rod-like,CCCCCCCCCOc1cnc(-c2ccc(CCCCCCCC)cc2)nc1
262,C/C=C/CCCCCOC(C=N1)=CN=C1C2=CC=C(CCCCCCCC)C=C2,85,rod-like,C/C=C/CCCCCOc1cnc(-c2ccc(CCCCCCCC)cc2)nc1
211,O=C(/C=C/CCCCCCCC)OC(C=C1)=CC=C1C2=NC=C(CCCCCCC)C=C2,85,rod-like,CCCCCCCC/C=C/C(=O)Oc1ccc(-c2ccc(CCCCCCC)cn2)cc1
48,CCCCCCCCOC1=CC=C(C=C1)OC(=O)C2=CC=C(C=C2)OCCCCC,85,rod-like,CCCCCCCCOc1ccc(OC(=O)c2ccc(OCCCCC)cc2)cc1
290,CCCCCCCCC1=CC=C(C2=NC=C(OC/C=C/CCCCCCCCCCC)C=N2)C=C1,85,rod-like,CCCCCCCCCCC/C=C/COc1cnc(-c2ccc(CCCCCCCC)cc2)nc1
264,C=CCCCCCCOC(C=N1)=CN=C1C2=CC=C(CCCCCCCCC)C=C2,85,rod-like,C=CCCCCCCOc1cnc(-c2ccc(CCCCCCCCC)cc2)nc1
126,CCC1CCC(CC1)C(CO)CO,85,rod-like,CCC1CCC(C(CO)CO)CC1
218,O=C(/C=C/CCCCCCC)OC(C=C1)=CC=C1C2=NC=C(CCCCCCCC)C=C2,85,rod-like,CCCCCCC/C=C/C(=O)Oc1ccc(-c2ccc(CCCCCCCC)cn2)cc1
340,CCCCCCCC1=CC=C(C2=NC=C(OCCCCCCCCC)C=N2)C=C1,85,rod-like,CCCCCCCCCOc1cnc(-c2ccc(CCCCCCC)cc2)nc1
312,C=CCCCCCCCOC(C=N1)=CN=C1C2=CC=C(CCCCCCC)C=C2,85,rod-like,C=CCCCCCCCOc1cnc(-c2ccc(CCCCCCC)cc2)nc1
248,C/C=C/CCCCCOC(C=N1)=CN=C1C2=CC=C(CCCCCC)C=C2,85,rod-like,C/C=C/CCCCCOc1cnc(-c2ccc(CCCCCC)cc2)nc1
243,CCCCCCCCOC(C=N1)=CN=C1C2=CC=C(CCCCCC)C=C2,85,rod-like,CCCCCCCCOc1cnc(-c2ccc(CCCCCC)cc2)nc1
220,O=C(/C=C/CCCCCCCCC)OC(C=C1)=CC=C1C2=NC=C(CCCCCCCC)C=C2,86,rod-like,CCCCCCCCC/C=C/C(=O)Oc1ccc(-c2ccc(CCCCCCCC)cn2)cc1
175,O=C(/C=C/CCCCC)OC(C=C1)=CC=C1C2=NC=C(CCCCCCCCC)C=C2,86,rod-like,CCCCC/C=C/C(=O)Oc1ccc(-c2ccc(CCCCCCCCC)cn2)cc1
239,CCC/C=C/CCCOC(C=C1)=CC=C1C2=NC=C(CCCCCCCCC)C=C2,86,rod-like,CCC/C=C/CCCOc1ccc(-c2ccc(CCCCCCCCC)cn2)cc1
335,CCCCCCC1=CC=C(C2=NC=C(OCCCCCCCCCCC)C=N2)C=C1,86,rod-like,CCCCCCCCCCCOc1cnc(-c2ccc(CCCCCC)cc2)nc1
269,C/C=C/CCCCCOC(C=N1)=CN=C1C2=CC=C(CCCCCCCCC)C=C2,86,rod-like,C/C=C/CCCCCOc1cnc(-c2ccc(CCCCCCCCC)cc2)nc1
282,CCCCCCCC1=CC=C(C2=NC=C(OC/C=C/CCCCCCCCCC)C=N2)C=C1,86,rod-like,CCCCCCCCCC/C=C/COc1cnc(-c2ccc(CCCCCCC)cc2)nc1
174,O=C(CCCCCCC)OC(C=C1)=CC=C1C2=NC=C(CCCCCCCCC)C=C2,86,rod-like,CCCCCCCCCc1ccc(-c2ccc(OC(=O)CCCCCCC)cc2)nc1
291,CCCCCCCCC1=CC=C(C2=NC=C(OC/C=C/CCCCCCCCCCCC)C=N2)C=C1,86,rod-like,CCCCCCCCCCCC/C=C/COc1cnc(-c2ccc(CCCCCCCC)cc2)nc1
212,O=C(/C=C/CCCCCCCCC)OC(C=C1)=CC=C1C2=NC=C(CCCCCCC)C=C2,87,rod-like,CCCCCCCCC/C=C/C(=O)Oc1ccc(-c2ccc(CCCCCCC)cn2)cc1
19,CCCCCCC1=CN=C(C2=CC=C(OCCCCCCCC)C=C2)N=C1,87,rod-like,CCCCCCCCOc1ccc(-c2ncc(CCCCCC)cn2)cc1
223,O=C(/C=C/CCC)OC(C=C1)=CC=C1C2=NC=C(CCCCCCCCC)C=C2,87,rod-like,CCC/C=C/C(=O)Oc1ccc(-c2ccc(CCCCCCCCC)cn2)cc1
356,CCCCCCCCCC1=CC=C(C2=NC=C(OCCCCCCCCCCC)C=N2)C=C1,87,rod-like,CCCCCCCCCCCOc1cnc(-c2ccc(CCCCCCCCC)cc2)nc1
227,O=C(/C=C/CCCCCCCC)OC(C=C1)=CC=C1C2=NC=C(CCCCCCCCC)C=C2,87,rod-like,CCCCCCCC/C=C/C(=O)Oc1ccc(-c2ccc(CCCCCCCCC)cn2)cc1
210,O=C(/C=C/CCCCCCC)OC(C=C1)=CC=C1C2=NC=C(CCCCCCC)C=C2,87,rod-like,CCCCCCC/C=C/C(=O)Oc1ccc(-c2ccc(CCCCCCC)cn2)cc1
336,CCCCCCC1=CC=C(C2=NC=C(OCCCCCCCCCCCC)C=N2)C=C1,87,rod-like,CCCCCCCCCCCCOc1cnc(-c2ccc(CCCCCC)cc2)nc1
349,CCCCCCCCC1=CC=C(C2=NC=C(OCCCCCCCCCCC)C=N2)C=C1,87,rod-like,CCCCCCCCCCCOc1cnc(-c2ccc(CCCCCCCC)cc2)nc1
181,O=C(/C=C/C)OC(C=C1)=CC=C1C2=NC=C(CCCCCCC)C=N2,87,rod-like,C/C=C/C(=O)Oc1ccc(-c2ncc(CCCCCCC)cn2)cc1
161,O=C(/C=C/CCCCC)OC(C=C1)=CC=C1C2=NC=C(CCCCCCC)C=C2,87,rod-like,CCCCC/C=C/C(=O)Oc1ccc(-c2ccc(CCCCCCC)cn2)cc1
299,CCCCCCCCCC1=CC=C(C2=NC=C(OC/C=C/CCCCCCCCCCCC)C=N2)C=C1,87,rod-like,CCCCCCCCCCCC/C=C/COc1cnc(-c2ccc(CCCCCCCCC)cc2)nc1
250,C=CCCCCCCOC(C=N1)=CN=C1C2=CC=C(CCCCCCC)C=C2,87,rod-like,C=CCCCCCCOc1cnc(-c2ccc(CCCCCCC)cc2)nc1
355,CCCCCCCCCC1=CC=C(C2=NC=C(OCCCCCCCCCC)C=N2)C=C1,87,rod-like,CCCCCCCCCCOc1cnc(-c2ccc(CCCCCCCCC)cc2)nc1
207,O=C(/C=C/CCC)OC(C=C1)=CC=C1C2=NC=C(CCCCCCC)C=C2,87,rod-like,CCC/C=C/C(=O)Oc1ccc(-c2ccc(CCCCCCC)cn2)cc1
409,O=C(C1=CC=C(/N=N/C2=CC=C(OCCCCCCCCC)C=C2)C=C1)OC3=CC(OC(C4=CC=C(/N=N/C5=CC=C(OCCCCCCCCC)C=C5)C=C4)=O)=CC=C3C,87,bend-core,CCCCCCCCCOc1ccc(/N=N/c2ccc(C(=O)Oc3ccc(C)c(OC(=O)c4ccc(/N=N/c5ccc(OCCCCCCCCC)cc5)cc4)c3)cc2)cc1
696,CCCCCCCCCOC1=C([N+]([O-])=O)C2=C(C=C1OCCCCCCCCC)C3=C(C=C(OCCCCCCCCC)C(OCCCCCCCCC)=C3[N+]([O-])=O)C4=C2C=C(OCCCCCCCCC)C(OCCCCCCCCC)=C4,87,disc-like,CCCCCCCCCOc1cc2c(cc1OCCCCCCCCC)c1c([N+](=O)[O-])c(OCCCCCCCCC)c(OCCCCCCCCC)cc1c1c([N+](=O)[O-])c(OCCCCCCCCC)c(OCCCCCCCCC)cc21
601,O=C(CCCCCC)OC1=C(OC(CCCCCC)=O)C(OC(CCCCCC)=O)=C(OC(CCCCCC)=O)C(OC(CCCCCC)=O)=C1OC(CCCCCC)=O,87,disc-like,CCCCCCC(=O)Oc1c(OC(=O)CCCCCC)c(OC(=O)CCCCCC)c(OC(=O)CCCCCC)c(OC(=O)CCCCCC)c1OC(=O)CCCCCC
348,CCCCCCCCC1=CC=C(C2=NC=C(OCCCCCCCCCC)C=N2)C=C1,88,rod-like,CCCCCCCCCCOc1cnc(-c2ccc(CCCCCCCC)cc2)nc1
226,O=C(/C=C/CCCCCCC)OC(C=C1)=CC=C1C2=NC=C(CCCCCCCCC)C=C2,88,rod-like,CCCCCCC/C=C/C(=O)Oc1ccc(-c2ccc(CCCCCCCCC)cn2)cc1
47,CCCCCCCOC1=CC=C(C=C1)OC(=O)C2=CC=C(C=C2)OCCCCCC,88,rod-like,CCCCCCCOc1ccc(OC(=O)c2ccc(OCCCCCC)cc2)cc1
237,CCCCC/C=C/COC(C=C1)=CC=C1C2=NC=C(CCCCCCCCC)C=C2,88,rod-like,CCCCC/C=C/COc1ccc(-c2ccc(CCCCCCCCC)cn2)cc1
430,O=C(C1=CC=C(/N=N/C2=CC=C(OCCCCCCCCCC)C=C2)C=C1)OC3=CC(OC(C4=CC=C(/N=N/C5=CC=C(OCCCCCCCCCC)C=C5)C=C4)=O)=CC=C3Br,88,bend-core,CCCCCCCCCCOc1ccc(/N=N/c2ccc(C(=O)Oc3ccc(Br)c(OC(=O)c4ccc(/N=N/c5ccc(OCCCCCCCCCC)cc5)cc4)c3)cc2)cc1
416,O=C(C1=CC=C(/N=N/C2=CC=C(OCCCCCC)C(F)=C2)C=C1)OC3=CC(OC(C4=CC=C(/N=N/C5=CC(F)=C(OCCCCCC)C=C5)C=C4)=O)=CC=C3C,88,bend-core,CCCCCCOc1ccc(/N=N/c2ccc(C(=O)Oc3ccc(C)c(OC(=O)c4ccc(/N=N/c5ccc(OCCCCCC)c(F)c5)cc4)c3)cc2)cc1F
697,CCCCCCCCCCOC1=C([N+]([O-])=O)C2=C(C=C1OCCCCCCCCCC)C3=C(C=C(OCCCCCCCCCC)C(OCCCCCCCCCC)=C3[N+]([O-])=O)C4=C2C=C(OCCCCCCCCCC)C(OCCCCCCCCCC)=C4,88.9,disc-like,CCCCCCCCCCOc1cc2c(cc1OCCCCCCCCCC)c1c([N+](=O)[O-])c(OCCCCCCCCCC)c(OCCCCCCCCCC)cc1c1c([N+](=O)[O-])c(OCCCCCCCCCC)c(OCCCCCCCCCC)cc21
343,CCCCCCCC1=CC=C(C2=NC=C(OCCCCCCCCCCCC)C=N2)C=C1,89,rod-like,CCCCCCCCCCCCOc1cnc(-c2ccc(CCCCCCC)cc2)nc1
70,CCCCCCCCCCCCOC1=CC=C(C=C1)C2=CC=C(C=C2)C#N,89,rod-like,CCCCCCCCCCCCOc1ccc(-c2ccc(C#N)cc2)cc1
93,CCCCCC1=CC=C(C=C1)C#CC2=CC=C(C=C2)OCC,89,rod-like,CCCCCc1ccc(C#Cc2ccc(OCC)cc2)cc1
213,O=C(/C=C/C)OC(C=C1)=CC=C1C2=NC=C(CCCCCCCC)C=C2,89,rod-like,C/C=C/C(=O)Oc1ccc(-c2ccc(CCCCCCCC)cn2)cc1
342,CCCCCCCC1=CC=C(C2=NC=C(OCCCCCCCCCCC)C=N2)C=C1,89,rod-like,CCCCCCCCCCCOc1cnc(-c2ccc(CCCCCCC)cc2)nc1
350,CCCCCCCCC1=CC=C(C2=NC=C(OCCCCCCCCCCCC)C=N2)C=C1,89,rod-like,CCCCCCCCCCCCOc1cnc(-c2ccc(CCCCCCCC)cc2)nc1
197,O=C(/C=C/C)OC(C=C1)=CC=C1C2=NC=C(CCCCCCCCC)C=N2,89,rod-like,C/C=C/C(=O)Oc1ccc(-c2ncc(CCCCCCCCC)cn2)cc1
357,CCCCCCCCCC1=CC=C(C2=NC=C(OCCCCCCCCCCCC)C=N2)C=C1,89,rod-like,CCCCCCCCCCCCOc1cnc(-c2ccc(CCCCCCCCC)cc2)nc1
431,O=C(C1=CC=C(/N=N/C2=CC=C(OCCCCCCCCCCCC)C=C2)C=C1)OC3=CC(OC(C4=CC=C(/N=N/C5=CC=C(OCCCCCCCCCCCC)C=C5)C=C4)=O)=CC=C3Br,89,bend-core,CCCCCCCCCCCCOc1ccc(/N=N/c2ccc(C(=O)Oc3ccc(Br)c(OC(=O)c4ccc(/N=N/c5ccc(OCCCCCCCCCCCC)cc5)cc4)c3)cc2)cc1
228,O=C(/C=C/CCCCCCCCC)OC(C=C1)=CC=C1C2=NC=C(CCCCCCCCC)C=C2,90,rod-like,CCCCCCCCC/C=C/C(=O)Oc1ccc(-c2ccc(CCCCCCCCC)cn2)cc1
427,O=C(C1=CC=C(/N=N/C2=CC=C(OCCCCCCCCCCCCCC)C=C2)C=C1)OC3=CC(OC(C4=CC=C(/N=N/C5=CC=C(OCCCCCCCCCCCCCC)C=C5)C=C4)=O)=CC=C3Cl,90,bend-core,CCCCCCCCCCCCCCOc1ccc(/N=N/c2ccc(C(=O)Oc3ccc(Cl)c(OC(=O)c4ccc(/N=N/c5ccc(OCCCCCCCCCCCCCC)cc5)cc4)c3)cc2)cc1
84,CCCCCCCCCCC(=O)OC1CCC2(C3CCC4(C(C3CC=C2C1)CCC4C(C)CCCC(C)C)C)C,90,bend-core,CCCCCCCCCCC(=O)OC1CCC2(C)C(=CCC3C2CCC2(C)C(C(C)CCCC(C)C)CCC32)C1
116,C=CC(=O)OCCCCCCCCCOC1=CC=C(C=C1)N=NC2=CC=C(C=C2)OCCCCCCCCCOC(=O)C=C,91,rod-like,C=CC(=O)OCCCCCCCCCOc1ccc(N=Nc2ccc(OCCCCCCCCCOC(=O)C=C)cc2)cc1
82,CCCCCCCCC(=O)OC1CCC2(C3CCC4(C(C3CC=C2C1)CCC4C(C)CCCC(C)C)C)C,92,bend-core,CCCCCCCCC(=O)OC1CCC2(C)C(=CCC3C2CCC2(C)C(C(C)CCCC(C)C)CCC32)C1
83,CCCCCCCCCC(=O)OC1CCC2(C3CCC4(C(C3CC=C2C1)CCC4C(C)CCCC(C)C)C)C,92.5,bend-core,CCCCCCCCCC(=O)OC1CCC2(C)C(=CCC3C2CCC2(C)C(C(C)CCCC(C)C)CCC32)C1
205,O=C(/C=C/C)OC(C=C1)=CC=C1C2=NC=C(CCCCCCC)C=C2,93,rod-like,C/C=C/C(=O)Oc1ccc(-c2ccc(CCCCCCC)cn2)cc1
122,CC1=C(C=CC(=C1)OC(=O)C2=CC=C(C=C2)OCCCCCCCCCCCOC(=O)C=C)OC(=O)C3=CC=C(C=C3)OCCCCCCCCCCCOC(=O)C=C,93,rod-like,C=CC(=O)OCCCCCCCCCCCOc1ccc(C(=O)Oc2ccc(OC(=O)c3ccc(OCCCCCCCCCCCOC(=O)C=C)cc3)c(C)c2)cc1
695,CCCCCCCCOC1=C([N+]([O-])=O)C2=C(C=C1OCCCCCCCC)C3=C(C=C(OCCCCCCCC)C(OCCCCCCCC)=C3[N+]([O-])=O)C4=C2C=C(OCCCCCCCC)C(OCCCCCCCC)=C4,93,disc-like,CCCCCCCCOc1cc2c(cc1OCCCCCCCC)c1c([N+](=O)[O-])c(OCCCCCCCC)c(OCCCCCCCC)cc1c1c([N+](=O)[O-])c(OCCCCCCCC)c(OCCCCCCCC)cc21
221,O=C(/C=C/C)OC(C=C1)=CC=C1C2=NC=C(CCCCCCCCC)C=C2,94,rod-like,C/C=C/C(=O)Oc1ccc(-c2ccc(CCCCCCCCC)cn2)cc1
426,O=C(C1=CC=C(/N=N/C2=CC=C(OCCCCCCCCCCCC)C=C2)C=C1)OC3=CC(OC(C4=CC=C(/N=N/C5=CC=C(OCCCCCCCCCCCC)C=C5)C=C4)=O)=CC=C3Cl,94,bend-core,CCCCCCCCCCCCOc1ccc(/N=N/c2ccc(C(=O)Oc3ccc(Cl)c(OC(=O)c4ccc(/N=N/c5ccc(OCCCCCCCCCCCC)cc5)cc4)c3)cc2)cc1
432,O=C(C1=CC=C(/N=N/C2=CC=C(OCCCCCCCCCCCCCC)C=C2)C=C1)OC3=CC(OC(C4=CC=C(/N=N/C5=CC=C(OCCCCCCCCCCCCCC)C=C5)C=C4)=O)=CC=C3Br,94,bend-core,CCCCCCCCCCCCCCOc1ccc(/N=N/c2ccc(C(=O)Oc3ccc(Br)c(OC(=O)c4ccc(/N=N/c5ccc(OCCCCCCCCCCCCCC)cc5)cc4)c3)cc2)cc1
433,O=C(C1=CC=C(/N=N/C2=CC=C(OCCCCCCCCCCCCCCCC)C=C2)C=C1)OC3=CC(OC(C4=CC=C(/N=N/C5=CC=C(OCCCCCCCCCCCCCCCC)C=C5)C=C4)=O)=CC=C3Br,95,bend-core,CCCCCCCCCCCCCCCCOc1ccc(/N=N/c2ccc(C(=O)Oc3ccc(Br)c(OC(=O)c4ccc(/N=N/c5ccc(OCCCCCCCCCCCCCCCC)cc5)cc4)c3)cc2)cc1
44,CCCCOC1=CC=C(C=C1)C(=O)OC2=CC=C(C=C2)OCCCC,96,rod-like,CCCCOc1ccc(OC(=O)c2ccc(OCCCC)cc2)cc1
408,O=C(C1=CC=C(/N=N/C2=CC=C(OCCCCCCCC)C=C2)C=C1)OC3=CC(OC(C4=CC=C(/N=N/C5=CC=C(OCCCCCCCC)C=C5)C=C4)=O)=CC=C3C,96,bend-core,CCCCCCCCOc1ccc(/N=N/c2ccc(C(=O)Oc3ccc(C)c(OC(=O)c4ccc(/N=N/c5ccc(OCCCCCCCC)cc5)cc4)c3)cc2)cc1
425,O=C(C1=CC=C(/N=N/C2=CC=C(OCCCCCCCCCC)C=C2)C=C1)OC3=CC(OC(C4=CC=C(/N=N/C5=CC=C(OCCCCCCCCCC)C=C5)C=C4)=O)=CC=C3Cl,96,bend-core,CCCCCCCCCCOc1ccc(/N=N/c2ccc(C(=O)Oc3ccc(Cl)c(OC(=O)c4ccc(/N=N/c5ccc(OCCCCCCCCCC)cc5)cc4)c3)cc2)cc1
81,CCCCCCCC(=O)OC1CCC2(C3CCC4(C(C3CC=C2C1)CCC4C(C)CCCC(C)C)C)C,96.5,bend-core,CCCCCCCC(=O)OC1CCC2(C)C(=CCC3C2CCC2(C)C(C(C)CCCC(C)C)CCC32)C1
692,CCCCCOC1=C([N+]([O-])=O)C2=C(C=C1OCCCCC)C3=C(C=C(OCCCCC)C(OCCCCC)=C3[N+]([O-])=O)C4=C2C=C(OCCCCC)C(OCCCCC)=C4,96.98,disc-like,CCCCCOc1cc2c(cc1OCCCCC)c1c([N+](=O)[O-])c(OCCCCC)c(OCCCCC)cc1c1c([N+](=O)[O-])c(OCCCCC)c(OCCCCC)cc21
429,O=C(C1=CC=C(/N=N/C2=CC=C(OCCCCCCCC)C=C2)C=C1)OC3=CC(OC(C4=CC=C(/N=N/C5=CC=C(OCCCCCCCC)C=C5)C=C4)=O)=CC=C3Br,97,bend-core,CCCCCCCCOc1ccc(/N=N/c2ccc(C(=O)Oc3ccc(Br)c(OC(=O)c4ccc(/N=N/c5ccc(OCCCCCCCC)cc5)cc4)c3)cc2)cc1
107,CCCC1CCC(CC1)C2=CC=C(C=C2)C3=CC(=C(C=C3)F)F,98,rod-like,CCCC1CCC(c2ccc(-c3ccc(F)c(F)c3)cc2)CC1
16,CCCCCCCCOC1=CC=C(C=C1)C2=NC=C(C=N2)OCCCC,98,rod-like,CCCCCCCCOc1ccc(-c2ncc(OCCCC)cn2)cc1
658,O=C(CCCCC(F)(F)C(F)(F)C(F)(C(F)(F)F)F)OC1=C(OCCCCC)C=C2C3=CC(OCCCCC)=C(OCCCCC)C=C3C4=CC(OCCCCC)=C(OCCCCC)C=C4C2=C1,98,disc-like,CCCCCOc1cc2c3cc(OCCCCC)c(OCCCCC)cc3c3cc(OC(=O)CCCCC(F)(F)C(F)(F)C(F)(F)C(F)(F)F)c(OCCCCC)cc3c2cc1OCCCCC
125,C=CC(=O)OCCCCCCCCCCCOC1=CC=C(C=C1)C(=O)O,100,rod-like,C=CC(=O)OCCCCCCCCCCCOc1ccc(C(=O)O)cc1
440,O=C(C1=CC=C(/N=N/C2=CC=C(OCCCCCCCCCCCCCCCC)C(F)=C2)C=C1)OC3=CC(OC(C4=CC=C(/N=N/C5=CC(F)=C(OCCCCCCCCCCCCCCCC)C=C5)C=C4)=O)=CC=C3Br,100,bend-core,CCCCCCCCCCCCCCCCOc1ccc(/N=N/c2ccc(C(=O)Oc3ccc(Br)c(OC(=O)c4ccc(/N=N/c5ccc(OCCCCCCCCCCCCCCCC)c(F)c5)cc4)c3)cc2)cc1F
25,CCCCCCCCOC1=CC=C(C=C1)C2=NC=C(C=N2)OCCCCCCCC,101,rod-like,CCCCCCCCOc1ccc(-c2ncc(OCCCCCCCC)cn2)cc1
110,CCCCCC1CCC(CC1)C2CCC(CC2)C3=CC(=C(C(=C3)F)F)F,101,rod-like,CCCCCC1CCC(C2CCC(c3cc(F)c(F)c(F)c3)CC2)CC1
130,CCCCCCCC1CCC(CC1)C(=O)O,102,rod-like,CCCCCCCC1CCC(C(=O)O)CC1
127,CCCC1CCC(CC1)C(CO)CO,102,rod-like,CCCC1CCC(C(CO)CO)CC1
413,O=C(C1=CC=C(/N=N/C2=CC=C(OCCCCCCCCCCCCCCCC)C=C2)C=C1)OC3=CC(OC(C4=CC=C(/N=N/C5=CC=C(OCCCCCCCCCCCCCCCC)C=C5)C=C4)=O)=CC=C3C,102,bend-core,CCCCCCCCCCCCCCCCOc1ccc(/N=N/c2ccc(C(=O)Oc3ccc(C)c(OC(=O)c4ccc(/N=N/c5ccc(OCCCCCCCCCCCCCCCC)cc5)cc4)c3)cc2)cc1
415,O=C(C1=CC=C(/N=N/C2=CC=C(OCCCCCCCCCCCCCCCCCCCC)C=C2)C=C1)OC3=CC(OC(C4=CC=C(/N=N/C5=CC=C(OCCCCCCCCCCCCCCCCCCCC)C=C5)C=C4)=O)=CC=C3C,104,bend-core,CCCCCCCCCCCCCCCCCCCCOc1ccc(/N=N/c2ccc(C(=O)Oc3ccc(C)c(OC(=O)c4ccc(/N=N/c5ccc(OCCCCCCCCCCCCCCCCCCCC)cc5)cc4)c3)cc2)cc1
424,O=C(C1=CC=C(/N=N/C2=CC=C(OCCCCCCCC)C=C2)C=C1)OC3=CC(OC(C4=CC=C(/N=N/C5=CC=C(OCCCCCCCC)C=C5)C=C4)=O)=CC=C3Cl,105,bend-core,CCCCCCCCOc1ccc(/N=N/c2ccc(C(=O)Oc3ccc(Cl)c(OC(=O)c4ccc(/N=N/c5ccc(OCCCCCCCC)cc5)cc4)c3)cc2)cc1
437,O=C(C1=CC=C(/N=N/C2=CC=C(OCCCCCCCCCC)C(F)=C2)C=C1)OC3=CC(OC(C4=CC=C(/N=N/C5=CC(F)=C(OCCCCCCCCCC)C=C5)C=C4)=O)=CC=C3Br,106,bend-core,CCCCCCCCCCOc1ccc(/N=N/c2ccc(C(=O)Oc3ccc(Br)c(OC(=O)c4ccc(/N=N/c5ccc(OCCCCCCCCCC)c(F)c5)cc4)c3)cc2)cc1F
438,O=C(C1=CC=C(/N=N/C2=CC=C(OCCCCCCCCCCCC)C(F)=C2)C=C1)OC3=CC(OC(C4=CC=C(/N=N/C5=CC(F)=C(OCCCCCCCCCCCC)C=C5)C=C4)=O)=CC=C3Br,106,bend-core,CCCCCCCCCCCCOc1ccc(/N=N/c2ccc(C(=O)Oc3ccc(Br)c(OC(=O)c4ccc(/N=N/c5ccc(OCCCCCCCCCCCC)c(F)c5)cc4)c3)cc2)cc1F
410,O=C(C1=CC=C(/N=N/C2=CC=C(OCCCCCCCCCC)C=C2)C=C1)OC3=CC(OC(C4=CC=C(/N=N/C5=CC=C(OCCCCCCCCCC)C=C5)C=C4)=O)=CC=C3C,107,bend-core,CCCCCCCCCCOc1ccc(/N=N/c2ccc(C(=O)Oc3ccc(C)c(OC(=O)c4ccc(/N=N/c5ccc(OCCCCCCCCCC)cc5)cc4)c3)cc2)cc1
133,CCCCCCCCCCCCC1=CC=C(C=C1)C(=O)O,107.5,rod-like,CCCCCCCCCCCCc1ccc(C(=O)O)cc1
439,O=C(C1=CC=C(/N=N/C2=CC=C(OCCCCCCCCCCCCCC)C(F)=C2)C=C1)OC3=CC(OC(C4=CC=C(/N=N/C5=CC(F)=C(OCCCCCCCCCCCCCC)C=C5)C=C4)=O)=CC=C3Br,108,bend-core,CCCCCCCCCCCCCCOc1ccc(/N=N/c2ccc(C(=O)Oc3ccc(Br)c(OC(=O)c4ccc(/N=N/c5ccc(OCCCCCCCCCCCCCC)c(F)c5)cc4)c3)cc2)cc1F
657,CCCCCCCCCCOC1=CC2=C(C=C1OCCCCCCCCCC)N=C(C3=C4C=C(OCCCCCC)C(OCCCCCC)=C3)C(C5=CC(OCCCCCCCCCC)=C(OCCCCCCCCCC)C=C54)=N2,108.4,disc-like,CCCCCCCCCCOc1cc2nc3c4cc(OCCCCCC)c(OCCCCCC)cc4c4cc(OCCCCCCCCCC)c(OCCCCCCCCCC)cc4c3nc2cc1OCCCCCCCCCC
411,O=C(C1=CC=C(/N=N/C2=CC=C(OCCCCCCCCCCCC)C=C2)C=C1)OC3=CC(OC(C4=CC=C(/N=N/C5=CC=C(OCCCCCCCCCCCC)C=C5)C=C4)=O)=CC=C3C,109,bend-core,CCCCCCCCCCCCOc1ccc(/N=N/c2ccc(C(=O)Oc3ccc(C)c(OC(=O)c4ccc(/N=N/c5ccc(OCCCCCCCCCCCC)cc5)cc4)c3)cc2)cc1
434,O=C(C1=CC=C(/N=N/C2=CC=C(OCCCCCCCCCCCCCCCC)C=C2)C=C1)OC3=CC(OC(C4=CC=C(/N=N/C5=CC=C(OCCCCCCCCCCCCCCCC)C=C5)C=C4)=O)=CC=C3F,109,bend-core,CCCCCCCCCCCCCCCCOc1ccc(/N=N/c2ccc(C(=O)Oc3ccc(F)c(OC(=O)c4ccc(/N=N/c5ccc(OCCCCCCCCCCCCCCCC)cc5)cc4)c3)cc2)cc1
132,CCCCCCCCCCC1=CC=C(C=C1)C(=O)O,109.5,rod-like,CCCCCCCCCCc1ccc(C(=O)O)cc1
123,C=CC(=O)OCCCCCOC1=CC=C(C=C1)C(=O)O,110,rod-like,C=CC(=O)OCCCCCOc1ccc(C(=O)O)cc1
124,C=CC(=O)OCCCCCCCCCCOC1=CC=C(C=C1)C(=O)O,110,rod-like,C=CC(=O)OCCCCCCCCCCOc1ccc(C(=O)O)cc1
629,FC(C=C1)=CC=C1OC(C(OCCCCCC)=C2)=CC3=C2C(C=C(OCCCCCC)C(OCCCCCC)=C4)=C4C5=C3C=C(OCCCCCC)C(OCCCCCC)=C5,112,disc-like,CCCCCCOc1cc2c3cc(OCCCCCC)c(OCCCCCC)cc3c3cc(Oc4ccc(F)cc4)c(OCCCCCC)cc3c2cc1OCCCCCC
13,CCCCCC1CCC(CC1)C2COC(OC2)C3=CC(=C(C=C3)F)F,113.8,rod-like,CCCCCC1CCC(C2COC(c3ccc(F)c(F)c3)OC2)CC1
443,O=C(C1=CC=C(/N=N/C2=CC=C(OCCCCCCCCCCCC)C(F)=C2)C=C1)OC3=CC(OC(C4=CC=C(/N=N/C5=CC(F)=C(OCCCCCCCCCCCC)C=C5)C=C4)=O)=CC=C3Cl,114,bend-core,CCCCCCCCCCCCOc1ccc(/N=N/c2ccc(C(=O)Oc3ccc(Cl)c(OC(=O)c4ccc(/N=N/c5ccc(OCCCCCCCCCCCC)c(F)c5)cc4)c3)cc2)cc1F
453,O=C(C1=CC=C(/N=N/C2=CC=C(OCCCCCCCCCCCC)C=C2)C=C1)OC3=CC(OC(C4=CC=C(/N=N/C5=CC=C(OCCCCCCCCCCCC)C=C5)C=C4)=O)=CC=C3I,114,bend-core,CCCCCCCCCCCCOc1ccc(/N=N/c2ccc(C(=O)Oc3ccc(I)c(OC(=O)c4ccc(/N=N/c5ccc(OCCCCCCCCCCCC)cc5)cc4)c3)cc2)cc1
626,CCCCCCOC1=CC2=C(C=C1OC3=CC=CC=C3)C4=C(C=C(OCCCCCC)C(OCCCCCC)=C4)C5=C2C=C(OCCCCCC)C(OCCCCCC)=C5,114,disc-like,CCCCCCOc1cc2c3cc(OCCCCCC)c(OCCCCCC)cc3c3cc(Oc4ccccc4)c(OCCCCCC)cc3c2cc1OCCCCCC
579,O=C(C1=CC=C(/C=C/C2=CC=C(OCCCCCCCCCCCC)C(I)=C2)C=C1)OC3=CC(OC(C4=CC=C(/C=C/C5=CC(I)=C(OCCCCCCCCCCCC)C=C5)C=C4)=O)=CC=C3,114.4,bend-core,CCCCCCCCCCCCOc1ccc(/C=C/c2ccc(C(=O)Oc3cccc(OC(=O)c4ccc(/C=C/c5ccc(OCCCCCCCCCCCC)c(I)c5)cc4)c3)cc2)cc1I
129,CCCCCC1CCC(CC1)C(CO)CO,114.5,rod-like,CCCCCC1CCC(C(CO)CO)CC1
466,O=C(C1=CC=C(OC(C2=CC=C(OCCCCCCCCCCCC)C=C2)=O)C=C1)OC3=CC=CC(/N=N/C4=CC=C(OC(C5=CC=C(OCCCCCCCCCCCCCCCC)C=C5)=O)C=C4)=C3,115.4,bend-core,CCCCCCCCCCCCCCCCOc1ccc(C(=O)Oc2ccc(/N=N/c3cccc(OC(=O)c4ccc(OC(=O)c5ccc(OCCCCCCCCCCCC)cc5)cc4)c3)cc2)cc1
131,CCCCCCCCCC1=CC=C(C=C1)C(=O)O,115.5,rod-like,CCCCCCCCCc1ccc(C(=O)O)cc1
498,O=C(OC1=CC=C(/N=N/C2=CC=C(CCCCCCCCCCCC)C=C2)C=C1)C3=CC(OC(C4=CC=C(OC(C5=CC=C(OCCCCCCCCCCCC)C=C5)=O)C=C4)=O)=CC=C3,115.5,bend-core,CCCCCCCCCCCCOc1ccc(C(=O)Oc2ccc(C(=O)Oc3cccc(C(=O)Oc4ccc(/N=N/c5ccc(CCCCCCCCCCCC)cc5)cc4)c3)cc2)cc1
465,O=C(C1=CC=C(OC(C2=CC=C(OCCCCCCCCCCCC)C=C2)=O)C=C1)OC3=CC=CC(/N=N/C4=CC=C(OC(C5=CC=C(OCCCCCCCCCCCCCC)C=C5)=O)C=C4)=C3,115.6,bend-core,CCCCCCCCCCCCCCOc1ccc(C(=O)Oc2ccc(/N=N/c3cccc(OC(=O)c4ccc(OC(=O)c5ccc(OCCCCCCCCCCCC)cc5)cc4)c3)cc2)cc1
452,O=C(C1=CC=C(/N=N/C2=CC=C(OCCCCCCCCCC)C=C2)C=C1)OC3=CC(OC(C4=CC=C(/N=N/C5=CC=C(OCCCCCCCCCC)C=C5)C=C4)=O)=CC=C3I,116,bend-core,CCCCCCCCCCOc1ccc(/N=N/c2ccc(C(=O)Oc3ccc(I)c(OC(=O)c4ccc(/N=N/c5ccc(OCCCCCCCCCC)cc5)cc4)c3)cc2)cc1
451,O=C(C1=CC=C(/N=N/C2=CC=C(OCCCCCCCC)C=C2)C=C1)OC3=CC(OC(C4=CC=C(/N=N/C5=CC=C(OCCCCCCCC)C=C5)C=C4)=O)=CC=C3I,116,bend-core,CCCCCCCCOc1ccc(/N=N/c2ccc(C(=O)Oc3ccc(I)c(OC(=O)c4ccc(/N=N/c5ccc(OCCCCCCCC)cc5)cc4)c3)cc2)cc1
462,O=C(C1=CC=C(OC(C2=CC=C(OCCCCCCCCCCCC)C=C2)=O)C=C1)OC3=CC=CC(/N=N/C4=CC=C(OC(C5=CC=C(OCCCCCCCCC)C=C5)=O)C=C4)=C3,116.4,bend-core,CCCCCCCCCCCCOc1ccc(C(=O)Oc2ccc(C(=O)Oc3cccc(/N=N/c4ccc(OC(=O)c5ccc(OCCCCCCCCC)cc5)cc4)c3)cc2)cc1
464,O=C(C1=CC=C(OC(C2=CC=C(OCCCCCCCCCCCC)C=C2)=O)C=C1)OC3=CC=CC(/N=N/C4=CC=C(OC(C5=CC=C(OCCCCCCCCCCCC)C=C5)=O)C=C4)=C3,116.6,bend-core,CCCCCCCCCCCCOc1ccc(C(=O)Oc2ccc(/N=N/c3cccc(OC(=O)c4ccc(OC(=O)c5ccc(OCCCCCCCCCCCC)cc5)cc4)c3)cc2)cc1
656,CCCCCCCCCCOC1=CC2=C(C=C1OCCCCCCCCCC)N=C(C3=C4C=C(OCCCCCCCCCC)C(OCCCCCC)=C3)C(C5=CC(OCCCCCC)=C(OCCCCCCCCCC)C=C54)=N2,116.9,disc-like,CCCCCCCCCCOc1cc2c3cc(OCCCCCCCCCC)c(OCCCCCC)cc3c3nc4cc(OCCCCCCCCCC)c(OCCCCCCCCCC)cc4nc3c2cc1OCCCCCC
560,O=C(C1=CC=C(OCCCCCCCCCC)C=C1)OC(C=C2)=CC=C2/C=N/C3=CC=CC(/N=C/C4=CC=C(OC(C5=CC=C(OCCCCCCCCCC)C=C5)=O)C=C4)=C3,117,bend-core,CCCCCCCCCCOc1ccc(C(=O)Oc2ccc(/C=N/c3cccc(/N=C/c4ccc(OC(=O)c5ccc(OCCCCCCCCCC)cc5)cc4)c3)cc2)cc1
545,O=C(C1=CC=C(/C=N/C2=CC=C(CCCCCCCCCCCCCC)C=C2)C=C1)OC3=CC(OC(C4=CC=C(/C=N/C5=CC=C(CCCCCCCCCCCCCC)C=C5)C=C4)=O)=C(Cl)C=C3Cl,117,bend-core,CCCCCCCCCCCCCCc1ccc(/N=C/c2ccc(C(=O)Oc3cc(OC(=O)c4ccc(/C=N/c5ccc(CCCCCCCCCCCCCC)cc5)cc4)c(Cl)cc3Cl)cc2)cc1
564,O=C(C1=CC=C(OCCCCCCCCC)C=C1)OC(C=C2)=CC=C2/C=N/C3=CC=CC(OC(C4=CC=C(OC(C5=CC=C(OCCCCCCCCC)C=C5)=O)C=C4)=O)=C3,117,bend-core,CCCCCCCCCOc1ccc(C(=O)Oc2ccc(/C=N/c3cccc(OC(=O)c4ccc(OC(=O)c5ccc(OCCCCCCCCC)cc5)cc4)c3)cc2)cc1
669,CCC(CCCC)COC(C(OCC(CC)CCCC)=C1)=CC2=C1C3=C(C2)C4=C(CC5=C4C=C(OCC(CC)CCCC)C(OCC(CC)CCCC)=C5)C6=C3CC7=C6C=C(OCC(CC)CCCC)C(OCC(CC)CCCC)=C7,117,disc-like,CCCCC(CC)COc1cc2c(cc1OCC(CC)CCCC)-c1c(c3c(c4c1Cc1cc(OCC(CC)CCCC)c(OCC(CC)CCCC)cc1-4)Cc1cc(OCC(CC)CCCC)c(OCC(CC)CCCC)cc1-3)C2
496,O=C(OC1=CC=C(/N=N/C2=CC=C(CCCCCCCC)C=C2)C=C1)C3=CC(OC(C4=CC=C(OC(C5=CC=C(OCCCCCCCCCCCC)C=C5)=O)C=C4)=O)=CC=C3,117.3,bend-core,CCCCCCCCCCCCOc1ccc(C(=O)Oc2ccc(C(=O)Oc3cccc(C(=O)Oc4ccc(/N=N/c5ccc(CCCCCCCC)cc5)cc4)c3)cc2)cc1
71,C1=CC(=CC=C1CCCCCCCC2=CC=C(C=C2)C3=CC=C(C=C3)C#N)C4=CC=C(C=C4)C#N,118,rod-like,N#Cc1ccc(-c2ccc(CCCCCCCc3ccc(-c4ccc(C#N)cc4)cc3)cc2)cc1
457,O=C(C1=CC=C(/N=N/C2=CC=C(OCCCCCCCCCCCCCCCC)C=C2)C=C1)OC3=CC(OC(C4=CC=C(OC(C5=CC=C(OCCCCCCCCCCCCCCCC)C=C5)=O)C=C4)=O)=CC=C3,118.6,bend-core,CCCCCCCCCCCCCCCCOc1ccc(/N=N/c2ccc(C(=O)Oc3cccc(OC(=O)c4ccc(OC(=O)c5ccc(OCCCCCCCCCCCCCCCC)cc5)cc4)c3)cc2)cc1
535,O=C(C1=CC=C(/C=N/C2=CC=C(CCCCCCCC)C=C2)C=C1)OC3=CC(OC(C4=CC=C(/C=N/C5=CC=C(CCCCCCCC)C=C5)C=C4)=O)=CC=C3Cl,119,bend-core,CCCCCCCCc1ccc(/N=C/c2ccc(C(=O)Oc3ccc(Cl)c(OC(=O)c4ccc(/C=N/c5ccc(CCCCCCCC)cc5)cc4)c3)cc2)cc1
693,CCCCCCOC1=C([N+]([O-])=O)C2=C(C=C1OCCCCCC)C3=C(C=C(OCCCCCC)C(OCCCCCC)=C3[N+]([O-])=O)C4=C2C=C(OCCCCCC)C(OCCCCCC)=C4,119.4,disc-like,CCCCCCOc1cc2c(cc1OCCCCCC)c1c([N+](=O)[O-])c(OCCCCCC)c(OCCCCCC)cc1c1c([N+](=O)[O-])c(OCCCCCC)c(OCCCCCC)cc21
442,O=C(C1=CC=C(/N=N/C2=CC=C(OCCCCCCCCCCCC)C(F)=C2)C=C1)OC3=CC(OC(C4=CC=C(/N=N/C5=CC(F)=C(OCCCCCCCCCCCC)C=C5)C=C4)=O)=CC=C3F,120,bend-core,CCCCCCCCCCCCOc1ccc(/N=N/c2ccc(C(=O)Oc3ccc(F)c(OC(=O)c4ccc(/N=N/c5ccc(OCCCCCCCCCCCC)c(F)c5)cc4)c3)cc2)cc1F
463,O=C(C1=CC=C(OC(C2=CC=C(OCCCCCCCCCCCC)C=C2)=O)C=C1)OC3=CC=CC(/N=N/C4=CC=C(OC(C5=CC=C(OCCCCCCCCCCC)C=C5)=O)C=C4)=C3,120.1,bend-core,CCCCCCCCCCCCOc1ccc(C(=O)Oc2ccc(C(=O)Oc3cccc(/N=N/c4ccc(OC(=O)c5ccc(OCCCCCCCCCCC)cc5)cc4)c3)cc2)cc1
456,O=C(C1=CC=C(/N=N/C2=CC=C(OCCCCCCCCCCCC)C=C2)C=C1)OC3=CC(OC(C4=CC=C(OC(C5=CC=C(OCCCCCCCCCCCCCCCC)C=C5)=O)C=C4)=O)=CC=C3,120.3,bend-core,CCCCCCCCCCCCCCCCOc1ccc(C(=O)Oc2ccc(C(=O)Oc3cccc(OC(=O)c4ccc(/N=N/c5ccc(OCCCCCCCCCCCC)cc5)cc4)c3)cc2)cc1
455,O=C(C1=CC=C(/N=N/C2=CC=C(OCCCCCCCCCCCCCCCC)C=C2)C=C1)OC3=CC(OC(C4=CC=C(OC(C5=CC=C(OCCCCCCCCCCCC)C=C5)=O)C=C4)=O)=CC=C3,120.3,bend-core,CCCCCCCCCCCCCCCCOc1ccc(/N=N/c2ccc(C(=O)Oc3cccc(OC(=O)c4ccc(OC(=O)c5ccc(OCCCCCCCCCCCC)cc5)cc4)c3)cc2)cc1
491,O=C(OC1=CC=C(/N=N/C2=CC=C(OCCCCCCCC)C=C2)C=C1)C3=CC(OC(C4=CC=C(OC(C5=CC=C(OCCCCCCCCCCCC)C=C5)=O)C=C4)=O)=CC=C3,120.4,bend-core,CCCCCCCCCCCCOc1ccc(C(=O)Oc2ccc(C(=O)Oc3cccc(C(=O)Oc4ccc(/N=N/c5ccc(OCCCCCCCC)cc5)cc4)c3)cc2)cc1
492,O=C(OC1=CC=C(/N=N/C2=CC=C(OCCCCCCCCCC)C=C2)C=C1)C3=CC(OC(C4=CC=C(OC(C5=CC=C(OCCCCCCCCCCCC)C=C5)=O)C=C4)=O)=CC=C3,120.8,bend-core,CCCCCCCCCCCCOc1ccc(C(=O)Oc2ccc(C(=O)Oc3cccc(C(=O)Oc4ccc(/N=N/c5ccc(OCCCCCCCCCC)cc5)cc4)c3)cc2)cc1
516,ClC1=C(OC(C2=CC=C(/N=N/C3=CC=C(OCCCCCCCCCCCCCCCC)C=C3)C=C2)=O)C=C(OC(C4=CC=C(/N=N/C5=CC=C(OCCCCCCCCCCCCCCCC)C=C5)C=C4)=O)C(Cl)=C1,121,bend-core,CCCCCCCCCCCCCCCCOc1ccc(/N=N/c2ccc(C(=O)Oc3cc(OC(=O)c4ccc(/N=N/c5ccc(OCCCCCCCCCCCCCCCC)cc5)cc4)c(Cl)cc3Cl)cc2)cc1
565,O=C(C1=CC=C(OCCCCCCCC)C=C1)OC(C=C2)=CC=C2C(OC3=CC=CC(OC(C4=CC=C(OC(C5=CC=C(OCCCCCCCC)C=C5)=O)C=C4)=O)=C3)=O,121,bend-core,CCCCCCCCOc1ccc(C(=O)Oc2ccc(C(=O)Oc3cccc(OC(=O)c4ccc(OC(=O)c5ccc(OCCCCCCCC)cc5)cc4)c3)cc2)cc1
654,CCCCCCCCCCOC1=CC2=C(C=C1OCCCCCCCCCC)N=C(C3=C4C=C(OCCCCCC)C(OCCCCCCCCCC)=C3)C(C5=CC(OCCCCCC)=C(OCCCCCCCCCC)C=C54)=N2,121,disc-like,CCCCCCCCCCOc1cc2c3cc(OCCCCCC)c(OCCCCCCCCCC)cc3c3nc4cc(OCCCCCCCCCC)c(OCCCCCCCCCC)cc4nc3c2cc1OCCCCCC
489,O=C(OC1=CC=C(/N=N/C2=CC=C(OCCCC)C=C2)C=C1)C3=CC(OC(C4=CC=C(OC(C5=CC=C(OCCCCCCCCCCCC)C=C5)=O)C=C4)=O)=CC=C3,121.5,bend-core,CCCCCCCCCCCCOc1ccc(C(=O)Oc2ccc(C(=O)Oc3cccc(C(=O)Oc4ccc(/N=N/c5ccc(OCCCC)cc5)cc4)c3)cc2)cc1
495,O=C(OC1=CC=C(/N=N/C2=CC=C(CCCCCC)C=C2)C=C1)C3=CC(OC(C4=CC=C(OC(C5=CC=C(OCCCCCCCCCCCC)C=C5)=O)C=C4)=O)=CC=C3,121.5,bend-core,CCCCCCCCCCCCOc1ccc(C(=O)Oc2ccc(C(=O)Oc3cccc(C(=O)Oc4ccc(/N=N/c5ccc(CCCCCC)cc5)cc4)c3)cc2)cc1
97,O=C(CCCCCCCCCC)OC(C=C1C(C2=CC(OC(CCCCCCCCCC)=O)=C(C=C2C3=CC(OC(CCCCCCCCCC)=O)=C(C=C13)OC(CCCCCCCCCC)=O)OC(CCCCCCCCCC)=O)=C4)=C4OC(CCCCCCCCCC)=O,121.5,disc-like,CCCCCCCCCCC(=O)Oc1cc2c3cc(OC(=O)CCCCCCCCCC)c(OC(=O)CCCCCCCCCC)cc3c3cc(OC(=O)CCCCCCCCCC)c(OC(=O)CCCCCCCCCC)cc3c2cc1OC(=O)CCCCCCCCCC
490,O=C(OC1=CC=C(/N=N/C2=CC=C(OCCCCCC)C=C2)C=C1)C3=CC(OC(C4=CC=C(OC(C5=CC=C(OCCCCCCCCCCCC)C=C5)=O)C=C4)=O)=CC=C3,122,bend-core,CCCCCCCCCCCCOc1ccc(C(=O)Oc2ccc(C(=O)Oc3cccc(C(=O)Oc4ccc(/N=N/c5ccc(OCCCCCC)cc5)cc4)c3)cc2)cc1
559,O=C(C1=CC=C(OCCCCCCCCC)C=C1)OC(C=C2)=CC=C2/C=N/C3=CC=CC(/N=C/C4=CC=C(OC(C5=CC=C(OCCCCCCCCC)C=C5)=O)C=C4)=C3,122,bend-core,CCCCCCCCCOc1ccc(C(=O)Oc2ccc(/C=N/c3cccc(/N=C/c4ccc(OC(=O)c5ccc(OCCCCCCCCC)cc5)cc4)c3)cc2)cc1
99,O=C(OC1=C(OC(CCCCCCCCCCC)=O)C=C(C2=CC(OC(CCCCCCCCCCC)=O)=C(OC(CCCCCCCCCCC)=O)C=C2C3=CC(OC(CCCCCCCCCCC)=O)=C(OC(CCCCCCCCCCC)=O)C=C43)C4=C1)CCCCCCCCCCC,122.3,disc-like,CCCCCCCCCCCC(=O)Oc1cc2c3cc(OC(=O)CCCCCCCCCCC)c(OC(=O)CCCCCCCCCCC)cc3c3cc(OC(=O)CCCCCCCCCCC)c(OC(=O)CCCCCCCCCCC)cc3c2cc1OC(=O)CCCCCCCCCCC
493,O=C(OC1=CC=C(/N=N/C2=CC=C(OCCCCCCCCCCCC)C=C2)C=C1)C3=CC(OC(C4=CC=C(OC(C5=CC=C(OCCCCCCCCCCCC)C=C5)=O)C=C4)=O)=CC=C3,122.9,bend-core,CCCCCCCCCCCCOc1ccc(/N=N/c2ccc(OC(=O)c3cccc(OC(=O)c4ccc(OC(=O)c5ccc(OCCCCCCCCCCCC)cc5)cc4)c3)cc2)cc1
103,CCCCCOC1=C(C=C2C(=C1)C3=CC(=C(C=C3C4=CC(=C(C=C24)OCCCCC)OCCCCC)OCCCCC)OCCCCC)OCCCCC,123,disc-like,CCCCCOc1cc2c3cc(OCCCCC)c(OCCCCC)cc3c3cc(OCCCCC)c(OCCCCC)cc3c2cc1OCCCCC
652,CCCCCCCCOC1=CC2=C(C=C1OCCCCCCCC)N=C(C3=C4C=C(OCCCCCCCCCC)C(OCCCCCC)=C3)C(C5=CC(OCCCCCC)=C(OCCCCCCCCCC)C=C54)=N2,123,disc-like,CCCCCCCCCCOc1cc2c3cc(OCCCCCCCCCC)c(OCCCCCC)cc3c3nc4cc(OCCCCCCCC)c(OCCCCCCCC)cc4nc3c2cc1OCCCCCC
706,CCCCCCCCCCCOC1=C([N+]([O-])=O)C2=C(C=C1OCCCCCCCCCCC)C3=C(C([N+]([O-])=O)=C(OCCCCCCCCCCC)C(OCCCCCCCCCCC)=C3)C4=C2C=C(OCCCCCCCCCCC)C(OCCCCCCCCCCC)=C4,123,disc-like,CCCCCCCCCCCOc1cc2c(cc1OCCCCCCCCCCC)c1c([N+](=O)[O-])c(OCCCCCCCCCCC)c(OCCCCCCCCCCC)cc1c1cc(OCCCCCCCCCCC)c(OCCCCCCCCCCC)c([N+](=O)[O-])c21
705,CCCCCCCCCCOC1=C([N+]([O-])=O)C2=C(C=C1OCCCCCCCCCC)C3=C(C([N+]([O-])=O)=C(OCCCCCCCCCC)C(OCCCCCCCCCC)=C3)C4=C2C=C(OCCCCCCCCCC)C(OCCCCCCCCCC)=C4,123.7,disc-like,CCCCCCCCCCOc1cc2c(cc1OCCCCCCCCCC)c1c([N+](=O)[O-])c(OCCCCCCCCCC)c(OCCCCCCCCCC)cc1c1cc(OCCCCCCCCCC)c(OCCCCCCCCCC)c([N+](=O)[O-])c21
515,ClC1=C(OC(C2=CC=C(/N=N/C3=CC=C(OCCCCCCCCCCCCCC)C=C3)C=C2)=O)C=C(OC(C4=CC=C(/N=N/C5=CC=C(OCCCCCCCCCCCCCC)C=C5)C=C4)=O)C(Cl)=C1,124,bend-core,CCCCCCCCCCCCCCOc1ccc(/N=N/c2ccc(C(=O)Oc3cc(OC(=O)c4ccc(/N=N/c5ccc(OCCCCCCCCCCCCCC)cc5)cc4)c(Cl)cc3Cl)cc2)cc1
642,CC(C)CCCC(C)CCOC(C=C1)=CC=C1C#CC2=C(C#CC3=CC=C(OCCC(C)CCCC(C)C)C=C3)C(C#CC4=CC=C(OCCC(C)CCCC(C)C)C=C4)=C(C#CC5=CC=C(OCCC(C)CCCC(C)C)C=C5)C(C#CC6=CC=C(OCCC(C)CCCC(C)C)C=C6)=C2C#CC7=CC=C(OCCC(C)CCCC(C)C)C=C7,124,disc-like,CC(C)CCCC(C)CCOc1ccc(C#Cc2c(C#Cc3ccc(OCCC(C)CCCC(C)C)cc3)c(C#Cc3ccc(OCCC(C)CCCC(C)C)cc3)c(C#Cc3ccc(OCCC(C)CCCC(C)C)cc3)c(C#Cc3ccc(OCCC(C)CCCC(C)C)cc3)c2C#Cc2ccc(OCCC(C)CCCC(C)C)cc2)cc1
460,O=C(C1=CC=C(OC(C2=CC=C(OCCCCCCCCCCCC)C=C2)=O)C=C1)OC3=CC=CC(/N=N/C4=CC=C(OC(C5=CC=C(OCCCCCCC)C=C5)=O)C=C4)=C3,124.7,bend-core,CCCCCCCCCCCCOc1ccc(C(=O)Oc2ccc(C(=O)Oc3cccc(/N=N/c4ccc(OC(=O)c5ccc(OCCCCCCC)cc5)cc4)c3)cc2)cc1
514,ClC1=C(OC(C2=CC=C(/N=N/C3=CC=C(OCCCCCCCCCCCC)C=C3)C=C2)=O)C=C(OC(C4=CC=C(/N=N/C5=CC=C(OCCCCCCCCCCCC)C=C5)C=C4)=O)C(Cl)=C1,125,bend-core,CCCCCCCCCCCCOc1ccc(/N=N/c2ccc(C(=O)Oc3cc(OC(=O)c4ccc(/N=N/c5ccc(OCCCCCCCCCCCC)cc5)cc4)c(Cl)cc3Cl)cc2)cc1
536,O=C(C1=CC=C(/C=N/C2=CC=C(CCCCCCCCCC)C=C2)C=C1)OC3=CC(OC(C4=CC=C(/C=N/C5=CC=C(CCCCCCCCCC)C=C5)C=C4)=O)=CC=C3Cl,125,bend-core,CCCCCCCCCCc1ccc(/N=C/c2ccc(C(=O)Oc3ccc(Cl)c(OC(=O)c4ccc(/C=N/c5ccc(CCCCCCCCCC)cc5)cc4)c3)cc2)cc1
115,CC1=C(C=CC(=C1)OC(=O)C2=CC=C(C=C2)OCCCOC(=O)C=C)OC(=O)C3=CC=C(C=C3)OCCCOC(=O)C=C,126,rod-like,C=CC(=O)OCCCOc1ccc(C(=O)Oc2ccc(OC(=O)c3ccc(OCCCOC(=O)C=C)cc3)c(C)c2)cc1
435,O=C(C1=CC=C(/N=N/C2=CC=C(OCCCCCC)C(F)=C2)C=C1)OC3=CC(OC(C4=CC=C(/N=N/C5=CC(F)=C(OCCCCCC)C=C5)C=C4)=O)=CC=C3Br,126,bend-core,CCCCCCOc1ccc(/N=N/c2ccc(C(=O)Oc3ccc(Br)c(OC(=O)c4ccc(/N=N/c5ccc(OCCCCCC)c(F)c5)cc4)c3)cc2)cc1F
562,O=C(C1=CC=C(OCCCCCCC)C=C1)OC(C=C2)=CC=C2/C=N/C3=CC=CC(OC(C4=CC=C(OC(C5=CC=C(OCCCCCCC)C=C5)=O)C=C4)=O)=C3,126,bend-core,CCCCCCCOc1ccc(C(=O)Oc2ccc(/C=N/c3cccc(OC(=O)c4ccc(OC(=O)c5ccc(OCCCCCCC)cc5)cc4)c3)cc2)cc1
607,O=C(CCCCCCC)OC1=CC2=C(C=C1OC(CCCCCCC)=O)C3=C(C=C(OC(CCCCCCC)=O)C(OC(CCCCCCC)=O)=C3)C4=C2C=C(OC(CCCCCCC)=O)C(OC(CCCCCCC)=O)=C4,126,disc-like,CCCCCCCC(=O)Oc1cc2c3cc(OC(=O)CCCCCCC)c(OC(=O)CCCCCCC)cc3c3cc(OC(=O)CCCCCCC)c(OC(=O)CCCCCCC)cc3c2cc1OC(=O)CCCCCCC
671,CC(CCCC(CCCC(C)C)C)CCOC1=CC2=C(C=C1OCCC(CCCC(C)CCCC(C)C)C)CC3=C2C(CC4=C5C=C(OCCC(CCCC(C)CCCC(C)C)C)C(OCCC(CCCC(C)CCCC(C)C)C)=C4)=C5C6=C3C7=C(C=C(OCCC(CCCC(C)CCCC(C)C)C)C(OCCC(CCCC(C)CCCC(C)C)C)=C7)C6,126,disc-like,CC(C)CCCC(C)CCCC(C)CCOc1cc2c(cc1OCCC(C)CCCC(C)CCCC(C)C)-c1c(c3c(c4c1Cc1cc(OCCC(C)CCCC(C)CCCC(C)C)c(OCCC(C)CCCC(C)CCCC(C)C)cc1-4)Cc1cc(OCCC(C)CCCC(C)CCCC(C)C)c(OCCC(C)CCCC(C)CCCC(C)C)cc1-3)C2
494,O=C(OC1=CC=C(/N=N/C2=CC=C(CCCC)C=C2)C=C1)C3=CC(OC(C4=CC=C(OC(C5=CC=C(OCCCCCCCCCCCC)C=C5)=O)C=C4)=O)=CC=C3,126.4,bend-core,CCCCCCCCCCCCOc1ccc(C(=O)Oc2ccc(C(=O)Oc3cccc(C(=O)Oc4ccc(/N=N/c5ccc(CCCC)cc5)cc4)c3)cc2)cc1
537,O=C(C1=CC=C(/C=N/C2=CC=C(CCCCCCCCCCCC)C=C2)C=C1)OC3=CC(OC(C4=CC=C(/C=N/C5=CC=C(CCCCCCCCCCCC)C=C5)C=C4)=O)=CC=C3Cl,127,bend-core,CCCCCCCCCCCCc1ccc(/N=C/c2ccc(C(=O)Oc3ccc(Cl)c(OC(=O)c4ccc(/C=N/c5ccc(CCCCCCCCCCCC)cc5)cc4)c3)cc2)cc1
400,O=C(C1=CC=C(/N=N/C2=CC=C(OCCCCCCCCCCCCCC)C=C2)C=C1)OC3=CC=CC(OC(C4=CC=C(/N=N/C5=CC=C(OCCCCCCCCCCCCCC)C=C5)C=C4)=O)=C3,128,bend-core,CCCCCCCCCCCCCCOc1ccc(/N=N/c2ccc(C(=O)Oc3cccc(OC(=O)c4ccc(/N=N/c5ccc(OCCCCCCCCCCCCCC)cc5)cc4)c3)cc2)cc1
458,O=C(C1=CC=C(OC(C2=CC=C(OCCCCCCCCCCCC)C=C2)=O)C=C1)OC3=CC=CC(/N=N/C4=CC=C(OC(C5=CC=C(OCCCCC)C=C5)=O)C=C4)=C3,128,bend-core,CCCCCCCCCCCCOc1ccc(C(=O)Oc2ccc(C(=O)Oc3cccc(/N=N/c4ccc(OC(=O)c5ccc(OCCCCC)cc5)cc4)c3)cc2)cc1
653,CCCCCCCCOC1=CC2=C(C=C1OCCCCCCCC)N=C(C3=C4C=C(OCCCCCC)C(OCCCCCC)=C3)C(C5=CC(OCCCCCCCCCC)=C(OCCCCCCCCCC)C=C54)=N2,128.3,disc-like,CCCCCCCCCCOc1cc2c3cc(OCCCCCC)c(OCCCCCC)cc3c3nc4cc(OCCCCCCCC)c(OCCCCCCCC)cc4nc3c2cc1OCCCCCCCCCC
569,O=C(C1=CC=C(OCCCCCCCCCCCC)C=C1)OC(C=C2)=CC=C2/N=C/C3=CC=CC(C(OC4=CC=C(OC(C5=CC=C(OCCCCCCCC)C=C5)=O)C=C4)=O)=C3,128.4,bend-core,CCCCCCCCCCCCOc1ccc(C(=O)Oc2ccc(/N=C/c3cccc(C(=O)Oc4ccc(OC(=O)c5ccc(OCCCCCCCC)cc5)cc4)c3)cc2)cc1
401,O=C(C1=CC=C(/N=N/C2=CC=C(OCCCCCCCCCCCCCCCC)C=C2)C=C1)OC3=CC=CC(OC(C4=CC=C(/N=N/C5=CC=C(OCCCCCCCCCCCCCCCC)C=C5)C=C4)=O)=C3,129,bend-core,CCCCCCCCCCCCCCCCOc1ccc(/N=N/c2ccc(C(=O)Oc3cccc(OC(=O)c4ccc(/N=N/c5ccc(OCCCCCCCCCCCCCCCC)cc5)cc4)c3)cc2)cc1
121,C=CC(=O)OCCCCCCCCCCCOC1=CC=C(C=C1)C(=O)OC2=CC=C(C=C2)OC(=O)C3=CC=C(C=C3)OCCCCCCCCCCCOC(=O)C=C,130,rod-like,C=CC(=O)OCCCCCCCCCCCOc1ccc(C(=O)Oc2ccc(OC(=O)c3ccc(OCCCCCCCCCCCOC(=O)C=C)cc3)cc2)cc1
530,O=C(C1=CC=C(/C=N/C2=CC=C(OCCCCCCC)C=C2)C=C1)OC3=CC(OC(C4=CC=C(/C=N/C5=CC=C(OCCCCCCC)C=C5)C=C4)=O)=CC=C3Cl,130,bend-core,CCCCCCCOc1ccc(/N=C/c2ccc(C(=O)Oc3ccc(Cl)c(OC(=O)c4ccc(/C=N/c5ccc(OCCCCCCC)cc5)cc4)c3)cc2)cc1
561,O=C(C1=CC=C(OCCCCCC)C=C1)OC(C=C2)=CC=C2/C=N/C3=CC=CC(OC(C4=CC=C(OC(C5=CC=C(OCCCCCC)C=C5)=O)C=C4)=O)=C3,130,bend-core,CCCCCCOc1ccc(C(=O)Oc2ccc(/C=N/c3cccc(OC(=O)c4ccc(OC(=O)c5ccc(OCCCCCC)cc5)cc4)c3)cc2)cc1
402,O=C(C1=CC=C(/N=N/C2=CC=C(OCCCCCCCCCCCCCCCCCC)C=C2)C=C1)OC3=CC=CC(OC(C4=CC=C(/N=N/C5=CC=C(OCCCCCCCCCCCCCCCC)C=C5)C=C4)=O)=C3,130,bend-core,CCCCCCCCCCCCCCCCCCOc1ccc(/N=N/c2ccc(C(=O)Oc3cccc(OC(=O)c4ccc(/N=N/c5ccc(OCCCCCCCCCCCCCCCC)cc5)cc4)c3)cc2)cc1
407,O=C(C1=CC=C(/N=N/C2=CC=C(OCCCCCC)C=C2)C=C1)OC3=CC(OC(C4=CC=C(/N=N/C5=CC=C(OCCCCCC)C=C5)C=C4)=O)=CC=C3C,131,bend-core,CCCCCCOc1ccc(/N=N/c2ccc(C(=O)Oc3ccc(C)c(OC(=O)c4ccc(/N=N/c5ccc(OCCCCCC)cc5)cc4)c3)cc2)cc1
639,CCCCCCCC(C=C1)=CC=C1C#CC2=C(C#CC3=CC=C(CCCCCCC)C=C3)C(C#CC4=CC=C(CCCCCCC)C=C4)=C(C#CC5=CC=C(CCCCCCC)C=C5)C(C#CC6=CC=C(CCCCCCC)C=C6)=C2C#CC7=CC=C(CCCCCCC)C=C7,131,disc-like,CCCCCCCc1ccc(C#Cc2c(C#Cc3ccc(CCCCCCC)cc3)c(C#Cc3ccc(CCCCCCC)cc3)c(C#Cc3ccc(CCCCCCC)cc3)c(C#Cc3ccc(CCCCCCC)cc3)c2C#Cc2ccc(CCCCCCC)cc2)cc1
511,O=C(OC1=CC=C(/N=N/C2=CC=C(CCCCCCCCCCCC)C=C2)C=C1)C3=CC=CC(/N=C/C4=CC=C(OC(C5=CC=C(CCCCCCCCCCCC)C=C5)=O)C=C4)=C3,131.1,bend-core,CCCCCCCCCCCCc1ccc(/N=N/c2ccc(OC(=O)c3cccc(/N=C/c4ccc(OC(=O)c5ccc(CCCCCCCCCCCC)cc5)cc4)c3)cc2)cc1
558,O=C(C1=CC=C(OCCCCCCCC)C=C1)OC(C=C2)=CC=C2/C=N/C3=CC=CC(/N=C/C4=CC=C(OC(C5=CC=C(OCCCCCCCC)C=C5)=O)C=C4)=C3,132,bend-core,CCCCCCCCOc1ccc(C(=O)Oc2ccc(/C=N/c3cccc(/N=C/c4ccc(OC(=O)c5ccc(OCCCCCCCC)cc5)cc4)c3)cc2)cc1
578,O=C(C1=CC=C(OCCCCCCCCCC)C=C1)OC(C=C2)=CC=C2/N=C/C3=CC=CC(C(OC4=CC=C(OC(C5=CC=C(OCCCCCCCCCCC)C=C5)=O)C=C4)=O)=C3,132,bend-core,CCCCCCCCCCCOc1ccc(C(=O)Oc2ccc(OC(=O)c3cccc(/C=N/c4ccc(OC(=O)c5ccc(OCCCCCCCCCC)cc5)cc4)c3)cc2)cc1
510,O=C(OC1=CC=C(/N=N/C2=CC=C(CCCCCCCCCC)C=C2)C=C1)C3=CC=CC(/N=C/C4=CC=C(OC(C5=CC=C(CCCCCCCCCC)C=C5)=O)C=C4)=C3,132.3,bend-core,CCCCCCCCCCc1ccc(/N=N/c2ccc(OC(=O)c3cccc(/N=C/c4ccc(OC(=O)c5ccc(CCCCCCCCCC)cc5)cc4)c3)cc2)cc1
570,O=C(C1=CC=C(OCCCCCCCCCCCC)C=C1)OC(C=C2)=CC=C2/N=C/C3=CC=CC(C(OC4=CC=C(OC(C5=CC=C(OCCCCCCCCC)C=C5)=O)C=C4)=O)=C3,133,bend-core,CCCCCCCCCCCCOc1ccc(C(=O)Oc2ccc(/N=C/c3cccc(C(=O)Oc4ccc(OC(=O)c5ccc(OCCCCCCCCC)cc5)cc4)c3)cc2)cc1
531,O=C(C1=CC=C(/C=N/C2=CC=C(OCCCCCCCC)C=C2)C=C1)OC3=CC(OC(C4=CC=C(/C=N/C5=CC=C(OCCCCCCCC)C=C5)C=C4)=O)=CC=C3Cl,133,bend-core,CCCCCCCCOc1ccc(/N=C/c2ccc(C(=O)Oc3ccc(Cl)c(OC(=O)c4ccc(/C=N/c5ccc(OCCCCCCCC)cc5)cc4)c3)cc2)cc1
650,CCCCCCCCOC1=CC2=C(C=C1OCCCCCCCC)N=C(C3=C4C=C(OCCCCCC)C(OCCCCCCCCCC)=C3)C(C5=CC(OCCCCCC)=C(OCCCCCCCCCC)C=C54)=N2,133.6,disc-like,CCCCCCCCCCOc1cc2c3cc(OCCCCCC)c(OCCCCCCCCCC)cc3c3nc4cc(OCCCCCCCC)c(OCCCCCCCC)cc4nc3c2cc1OCCCCCC
396,O=C(OC1=CC=C(/N=C/C2=CC=C(OCCCCCC)C=C2)C=C1)C3=CC(OC(C4=CC=C(/N=N/C5=CC=C(OCCCCCCCCCCCC)C=C5)C=C4)=O)=CC=C3,134,bend-core,CCCCCCCCCCCCOc1ccc(/N=N/c2ccc(C(=O)Oc3cccc(C(=O)Oc4ccc(/N=C/c5ccc(OCCCCCC)cc5)cc4)c3)cc2)cc1
576,O=C(C1=CC=C(OCCCCCCCCCC)C=C1)OC(C=C2)=CC=C2/N=C/C3=CC=CC(C(OC4=CC=C(OC(C5=CC=C(OCCCCCCCC)C=C5)=O)C=C4)=O)=C3,134,bend-core,CCCCCCCCCCOc1ccc(C(=O)Oc2ccc(/N=C/c3cccc(C(=O)Oc4ccc(OC(=O)c5ccc(OCCCCCCCC)cc5)cc4)c3)cc2)cc1
648,CCCCCCOC1=CC2=C(C=C1OCCCCCC)N=C(C3=C4C=C(OCCCCCCCCCC)C(OCCCCCC)=C3)C(C5=CC(OCCCCCC)=C(OCCCCCCCCCC)C=C54)=N2,134.4,disc-like,CCCCCCCCCCOc1cc2c3cc(OCCCCCCCCCC)c(OCCCCCC)cc3c3nc4cc(OCCCCCC)c(OCCCCCC)cc4nc3c2cc1OCCCCCC
509,O=C(OC1=CC=C(/N=N/C2=CC=C(CCCCCCCC)C=C2)C=C1)C3=CC=CC(/N=C/C4=CC=C(OC(C5=CC=C(CCCCCCCC)C=C5)=O)C=C4)=C3,134.6,bend-core,CCCCCCCCc1ccc(/N=N/c2ccc(OC(=O)c3cccc(/N=C/c4ccc(OC(=O)c5ccc(CCCCCCCC)cc5)cc4)c3)cc2)cc1
363,O=C(C1=CC=C(/N=N/C2=CC=C(OCCCCC)C=C2)C=C1)OC3=CC=CC(/C=N/C4=CC=C(OC(C5=CC=C(OCCCCCCCCCCCC)C=C5)=O)C=C4)=C3,135,bend-core,CCCCCCCCCCCCOc1ccc(C(=O)Oc2ccc(/N=C/c3cccc(OC(=O)c4ccc(/N=N/c5ccc(OCCCCC)cc5)cc4)c3)cc2)cc1
399,O=C(OC1=CC=C(/N=C/C2=CC=C(OCCCCCCCCCCCC)C=C2)C=C1)C3=CC(OC(C4=CC=C(/N=N/C5=CC=C(OCCCCCCCCCCCC)C=C5)C=C4)=O)=CC=C3,135,bend-core,CCCCCCCCCCCCOc1ccc(/C=N/c2ccc(OC(=O)c3cccc(OC(=O)c4ccc(/N=N/c5ccc(OCCCCCCCCCCCC)cc5)cc4)c3)cc2)cc1
365,O=C(C1=CC=C(/N=N/C2=CC=C(OCCCCCCC)C=C2)C=C1)OC3=CC=CC(/C=N/C4=CC=C(OC(C5=CC=C(OCCCCCCCCCCCC)C=C5)=O)C=C4)=C3,135,bend-core,CCCCCCCCCCCCOc1ccc(C(=O)Oc2ccc(/N=C/c3cccc(OC(=O)c4ccc(/N=N/c5ccc(OCCCCCCC)cc5)cc4)c3)cc2)cc1
366,O=C(C1=CC=C(/N=N/C2=CC=C(OCCCCCCCC)C=C2)C=C1)OC3=CC=CC(/C=N/C4=CC=C(OC(C5=CC=C(OCCCCCCCCCCCC)C=C5)=O)C=C4)=C3,135,bend-core,CCCCCCCCCCCCOc1ccc(C(=O)Oc2ccc(/N=C/c3cccc(OC(=O)c4ccc(/N=N/c5ccc(OCCCCCCCC)cc5)cc4)c3)cc2)cc1
395,O=C(OC1=CC=C(/N=C/C2=CC=C(OCCCC)C=C2)C=C1)C3=CC(OC(C4=CC=C(/N=N/C5=CC=C(OCCCCCCCCCCCC)C=C5)C=C4)=O)=CC=C3,135,bend-core,CCCCCCCCCCCCOc1ccc(/N=N/c2ccc(C(=O)Oc3cccc(C(=O)Oc4ccc(/N=C/c5ccc(OCCCC)cc5)cc4)c3)cc2)cc1
503,O=C(OC1=CC=C(/N=N/C2=CC=C(CCCCCCCCCCCC)C=C2)C=C1)C3=CC=CC(/N=C/C4=CC=C(OC(C5=CC=C(OCCCCCCCC)C=C5)=O)C=C4)=C3,135.9,bend-core,CCCCCCCCCCCCc1ccc(/N=N/c2ccc(OC(=O)c3cccc(/N=C/c4ccc(OC(=O)c5ccc(OCCCCCCCC)cc5)cc4)c3)cc2)cc1
367,O=C(C1=CC=C(/N=N/C2=CC=C(OCCCCCCCCC)C=C2)C=C1)OC3=CC=CC(/C=N/C4=CC=C(OC(C5=CC=C(OCCCCCCCCCCCC)C=C5)=O)C=C4)=C3,136,bend-core,CCCCCCCCCCCCOc1ccc(C(=O)Oc2ccc(/N=C/c3cccc(OC(=O)c4ccc(/N=N/c5ccc(OCCCCCCCCC)cc5)cc4)c3)cc2)cc1
600,O=C(C1=CC=C(/C=N/C2=CC=C(C(OCCCCCCCCCCCCCCCCCC)=O)C=C2)C=C1)OC3=CC(OC(C4=CC=C(/C=N/C5=CC=C(C(OCCCCCCCCCCCCCCCCCC)=O)C=C5)C=C4)=O)=CC=C3,136,bend-core,CCCCCCCCCCCCCCCCCCOC(=O)c1ccc(/N=C/c2ccc(C(=O)Oc3cccc(OC(=O)c4ccc(/C=N/c5ccc(C(=O)OCCCCCCCCCCCCCCCCCC)cc5)cc4)c3)cc2)cc1
532,O=C(C1=CC=C(/C=N/C2=CC=C(OCCCCCCCCC)C=C2)C=C1)OC3=CC(OC(C4=CC=C(/C=N/C5=CC=C(OCCCCCCCCC)C=C5)C=C4)=O)=CC=C3Cl,136,bend-core,CCCCCCCCCOc1ccc(/N=C/c2ccc(C(=O)Oc3ccc(Cl)c(OC(=O)c4ccc(/C=N/c5ccc(OCCCCCCCCC)cc5)cc4)c3)cc2)cc1
446,O=C(C1=CC=C(/N=N/C2=CC=C(OCCCCCCCCCC)C=C2)C=C1)OC3=CC(OC(C4=CC=C(/N=N/C5=CC=C(OCCCCCCCCCC)C=C5)C=C4)=O)=CC=C3C#N,136,bend-core,CCCCCCCCCCOc1ccc(/N=N/c2ccc(C(=O)Oc3ccc(C#N)c(OC(=O)c4ccc(/N=N/c5ccc(OCCCCCCCCCC)cc5)cc4)c3)cc2)cc1
362,O=C(C1=CC=C(/N=N/C2=CC=C(OCCCC)C=C2)C=C1)OC3=CC=CC(/C=N/C4=CC=C(OC(C5=CC=C(OCCCCCCCCCCCC)C=C5)=O)C=C4)=C3,136,bend-core,CCCCCCCCCCCCOc1ccc(C(=O)Oc2ccc(/N=C/c3cccc(OC(=O)c4ccc(/N=N/c5ccc(OCCCC)cc5)cc4)c3)cc2)cc1
557,O=C(C1=CC=C(OCCCCCCC)C=C1)OC(C=C2)=CC=C2/C=N/C3=CC=CC(/N=C/C4=CC=C(OC(C5=CC=C(OCCCCCCC)C=C5)=O)C=C4)=C3,136,bend-core,CCCCCCCOc1ccc(C(=O)Oc2ccc(/C=N/c3cccc(/N=C/c4ccc(OC(=O)c5ccc(OCCCCCCC)cc5)cc4)c3)cc2)cc1
583,O=C(C1=CC=C(/C=C/C2=CC=C(OCCCCCCCCCCC)C(F)=C2)C=C1)OC3=CC(OC(C4=CC=C(/C=C/C5=CC(F)=C(OCCCCCCCCCCC)C=C5)C=C4)=O)=CC=C3,136.4,bend-core,CCCCCCCCCCCOc1ccc(/C=C/c2ccc(C(=O)Oc3cccc(OC(=O)c4ccc(/C=C/c5ccc(OCCCCCCCCCCC)c(F)c5)cc4)c3)cc2)cc1F
502,O=C(OC1=CC=C(/N=N/C2=CC=C(CCCCCCCCCC)C=C2)C=C1)C3=CC=CC(/N=C/C4=CC=C(OC(C5=CC=C(OCCCCCCCC)C=C5)=O)C=C4)=C3,136.4,bend-core,CCCCCCCCCCc1ccc(/N=N/c2ccc(OC(=O)c3cccc(/N=C/c4ccc(OC(=O)c5ccc(OCCCCCCCC)cc5)cc4)c3)cc2)cc1
134,CCCCCCCCCCCCOC1=CC=C(C=C1)C(=O)O,137,rod-like,CCCCCCCCCCCCOc1ccc(C(=O)O)cc1
364,O=C(C1=CC=C(/N=N/C2=CC=C(OCCCCCC)C=C2)C=C1)OC3=CC=CC(/C=N/C4=CC=C(OC(C5=CC=C(OCCCCCCCCCCCC)C=C5)=O)C=C4)=C3,137,bend-core,CCCCCCCCCCCCOc1ccc(C(=O)Oc2ccc(/N=C/c3cccc(OC(=O)c4ccc(/N=N/c5ccc(OCCCCCC)cc5)cc4)c3)cc2)cc1
447,O=C(C1=CC=C(/N=N/C2=CC=C(OCCCCCCCCCCCC)C=C2)C=C1)OC3=CC(OC(C4=CC=C(/N=N/C5=CC=C(OCCCCCCCCCCCC)C=C5)C=C4)=O)=CC=C3C#N,137,bend-core,CCCCCCCCCCCCOc1ccc(/N=N/c2ccc(C(=O)Oc3ccc(C#N)c(OC(=O)c4ccc(/N=N/c5ccc(OCCCCCCCCCCCC)cc5)cc4)c3)cc2)cc1
584,O=C(C1=CC=C(/C=C/C2=CC=C(OCCCCCCCCCCCC)C(F)=C2)C=C1)OC3=CC(OC(C4=CC=C(/C=C/C5=CC(F)=C(OCCCCCCCCCCCC)C=C5)C=C4)=O)=CC=C3,137.3,bend-core,CCCCCCCCCCCCOc1ccc(/C=C/c2ccc(C(=O)Oc3cccc(OC(=O)c4ccc(/C=C/c5ccc(OCCCCCCCCCCCC)c(F)c5)cc4)c3)cc2)cc1F
372,O=C(C1=CC=C(/N=N/C2=CC=C(OCCCCCCCCCCCCCCCC)C=C2)C=C1)OC3=CC=CC(/C=N/C4=CC=C(OC(C5=CC=C(OCCCCCCCCCCCC)C=C5)=O)C=C4)=C3,138,bend-core,CCCCCCCCCCCCCCCCOc1ccc(/N=N/c2ccc(C(=O)Oc3cccc(/C=N/c4ccc(OC(=O)c5ccc(OCCCCCCCCCCCC)cc5)cc4)c3)cc2)cc1
371,O=C(C1=CC=C(/N=N/C2=CC=C(OCCCCCCCCCCCCCC)C=C2)C=C1)OC3=CC=CC(/C=N/C4=CC=C(OC(C5=CC=C(OCCCCCCCCCCCC)C=C5)=O)C=C4)=C3,138,bend-core,CCCCCCCCCCCCCCOc1ccc(/N=N/c2ccc(C(=O)Oc3cccc(/C=N/c4ccc(OC(=O)c5ccc(OCCCCCCCCCCCC)cc5)cc4)c3)cc2)cc1
369,O=C(C1=CC=C(/N=N/C2=CC=C(OCCCCCCCCCCC)C=C2)C=C1)OC3=CC=CC(/C=N/C4=CC=C(OC(C5=CC=C(OCCCCCCCCCCCC)C=C5)=O)C=C4)=C3,138,bend-core,CCCCCCCCCCCCOc1ccc(C(=O)Oc2ccc(/N=C/c3cccc(OC(=O)c4ccc(/N=N/c5ccc(OCCCCCCCCCCC)cc5)cc4)c3)cc2)cc1
368,O=C(C1=CC=C(/N=N/C2=CC=C(OCCCCCCCCCC)C=C2)C=C1)OC3=CC=CC(/C=N/C4=CC=C(OC(C5=CC=C(OCCCCCCCCCCCC)C=C5)=O)C=C4)=C3,138,bend-core,CCCCCCCCCCCCOc1ccc(C(=O)Oc2ccc(/N=C/c3cccc(OC(=O)c4ccc(/N=N/c5ccc(OCCCCCCCCCC)cc5)cc4)c3)cc2)cc1
571,O=C(C1=CC=C(OCCCCCCCCCCCC)C=C1)OC(C=C2)=CC=C2/N=C/C3=CC=CC(C(OC4=CC=C(OC(C5=CC=C(OCCCCCCCCCCC)C=C5)=O)C=C4)=O)=C3,138.5,bend-core,CCCCCCCCCCCCOc1ccc(C(=O)Oc2ccc(/N=C/c3cccc(C(=O)Oc4ccc(OC(=O)c5ccc(OCCCCCCCCCCC)cc5)cc4)c3)cc2)cc1
599,O=C(C1=CC=C(/C=N/C2=CC=C(C(OCCCCCCCCCCCCCCCC)=O)C=C2)C=C1)OC3=CC(OC(C4=CC=C(/C=N/C5=CC=C(C(OCCCCCCCCCCCCCCCC)=O)C=C5)C=C4)=O)=CC=C3,138.5,bend-core,CCCCCCCCCCCCCCCCOC(=O)c1ccc(/N=C/c2ccc(C(=O)Oc3cccc(OC(=O)c4ccc(/C=N/c5ccc(C(=O)OCCCCCCCCCCCCCCCC)cc5)cc4)c3)cc2)cc1
370,O=C(C1=CC=C(/N=N/C2=CC=C(OCCCCCCCCCCCC)C=C2)C=C1)OC3=CC=CC(/C=N/C4=CC=C(OC(C5=CC=C(OCCCCCCCCCCCC)C=C5)=O)C=C4)=C3,139,bend-core,CCCCCCCCCCCCOc1ccc(/N=N/c2ccc(C(=O)Oc3cccc(/C=N/c4ccc(OC(=O)c5ccc(OCCCCCCCCCCCC)cc5)cc4)c3)cc2)cc1
598,O=C(C1=CC=C(/C=N/C2=CC=C(C(OCCCCCCCCCCCCCC)=O)C=C2)C=C1)OC3=CC(OC(C4=CC=C(/C=N/C5=CC=C(C(OCCCCCCCCCCCCCC)=O)C=C5)C=C4)=O)=CC=C3,139,bend-core,CCCCCCCCCCCCCCOC(=O)c1ccc(/N=C/c2ccc(C(=O)Oc3cccc(OC(=O)c4ccc(/C=N/c5ccc(C(=O)OCCCCCCCCCCCCCC)cc5)cc4)c3)cc2)cc1
448,O=C(C1=CC=C(/N=N/C2=CC=C(OCCCCCCCCCCCCCC)C=C2)C=C1)OC3=CC(OC(C4=CC=C(/N=N/C5=CC=C(OCCCCCCCCCCCCCC)C=C5)C=C4)=O)=CC=C3C#N,139,bend-core,CCCCCCCCCCCCCCOc1ccc(/N=N/c2ccc(C(=O)Oc3ccc(C#N)c(OC(=O)c4ccc(/N=N/c5ccc(OCCCCCCCCCCCCCC)cc5)cc4)c3)cc2)cc1
572,O=C(C1=CC=C(OCCCCCCCCCCCC)C=C1)OC(C=C2)=CC=C2/N=C/C3=CC=CC(C(OC4=CC=C(OC(C5=CC=C(OCCCCCCCCCCCC)C=C5)=O)C=C4)=O)=C3,139,bend-core,CCCCCCCCCCCCOc1ccc(C(=O)Oc2ccc(/N=C/c3cccc(C(=O)Oc4ccc(OC(=O)c5ccc(OCCCCCCCCCCCC)cc5)cc4)c3)cc2)cc1
101,CCCC1=CC=C(C=C1)C#CC2=C(C(=C(C(=C2C#CC3=CC=C(C=C3)CCC)C#CC4=CC=C(C=C4)CCC)OCCCCCCCCCCCOC(=O)C5=CC(=CC(=C5)C(=O)OCCCCCCCCCCCOC6=C(C(=C(C(=C6C#CC7=CC=C(C=C7)CCC)C#CC8=CC=C(C=C8)CCC)C#CC9=CC=C(C=C9)CCC)C#CC1=CC=C(C=C1)CCC)C#CC1=CC=C(C=C1)CCC)C(=O)OCCCCCCCCCCCOC1=C(C(=C(C(=C1C#CC1=CC=C(C=C1)CCC)C#CC1=CC=C(C=C1)CCC)C#CC1=CC=C(C=C1)CCC)C#CC1=CC=C(C=C1)CCC)C#CC1=CC=C(C=C1)CCC)C#CC1=CC=C(C=C1)CCC)C#CC1=CC=C(C=C1)CCC,139,disc-like,CCCc1ccc(C#Cc2c(C#Cc3ccc(CCC)cc3)c(C#Cc3ccc(CCC)cc3)c(OCCCCCCCCCCCOC(=O)c3cc(C(=O)OCCCCCCCCCCCOc4c(C#Cc5ccc(CCC)cc5)c(C#Cc5ccc(CCC)cc5)c(C#Cc5ccc(CCC)cc5)c(C#Cc5ccc(CCC)cc5)c4C#Cc4ccc(CCC)cc4)cc(C(=O)OCCCCCCCCCCCOc4c(C#Cc5ccc(CCC)cc5)c(C#Cc5ccc(CCC)cc5)c(C#Cc5ccc(CCC)cc5)c(C#Cc5ccc(CCC)cc5)c4C#Cc4ccc(CCC)cc4)c3)c(C#Cc3ccc(CCC)cc3)c2C#Cc2ccc(CCC)cc2)cc1
582,O=C(C1=CC=C(/C=C/C2=CC=C(OCCCCCCCCCC)C(F)=C2)C=C1)OC3=CC(OC(C4=CC=C(/C=C/C5=CC(F)=C(OCCCCCCCCCC)C=C5)C=C4)=O)=CC=C3,139.6,bend-core,CCCCCCCCCCOc1ccc(/C=C/c2ccc(C(=O)Oc3cccc(OC(=O)c4ccc(/C=C/c5ccc(OCCCCCCCCCC)c(F)c5)cc4)c3)cc2)cc1F
543,O=C(C1=CC=C(/C=N/C2=CC=C(OCCCCCCCCCC)C=C2)C=C1)OC3=CC(OC(C4=CC=C(/C=N/C5=CC=C(OCCCCCCCCCC)C=C5)C=C4)=O)=C(Cl)C=C3Cl,140,bend-core,CCCCCCCCCCOc1ccc(/N=C/c2ccc(C(=O)Oc3cc(OC(=O)c4ccc(/C=N/c5ccc(OCCCCCCCCCC)cc5)cc4)c(Cl)cc3Cl)cc2)cc1
385,O=C(C1=CC=C(OCCCCCCCCCCCC)C=C1)OC(C=C2)=CC=C2C(OC3=CC(C(OC4=CC=C(/N=N/C5=CC=C(C#N)C=C5)C=C4)=O)=CC=C3)=O,140,bend-core,CCCCCCCCCCCCOc1ccc(C(=O)Oc2ccc(C(=O)Oc3cccc(C(=O)Oc4ccc(/N=N/c5ccc(C#N)cc5)cc4)c3)cc2)cc1
533,O=C(C1=CC=C(/C=N/C2=CC=C(OCCCCCCCCCC)C=C2)C=C1)OC3=CC(OC(C4=CC=C(/C=N/C5=CC=C(OCCCCCCCCCC)C=C5)C=C4)=O)=CC=C3Cl,140,bend-core,CCCCCCCCCCOc1ccc(/N=C/c2ccc(C(=O)Oc3ccc(Cl)c(OC(=O)c4ccc(/C=N/c5ccc(OCCCCCCCCCC)cc5)cc4)c3)cc2)cc1
384,O=C(C1=CC=C(OCCCCCCCCCCC)C=C1)OC(C=C2)=CC=C2C(OC3=CC(C(OC4=CC=C(/N=N/C5=CC=C(C#N)C=C5)C=C4)=O)=CC=C3)=O,140,bend-core,CCCCCCCCCCCOc1ccc(C(=O)Oc2ccc(C(=O)Oc3cccc(C(=O)Oc4ccc(/N=N/c5ccc(C#N)cc5)cc4)c3)cc2)cc1
501,O=C(OC1=CC=C(/N=N/C2=CC=C(CCCCCCCC)C=C2)C=C1)C3=CC=CC(/N=C/C4=CC=C(OC(C5=CC=C(OCCCCCCCC)C=C5)=O)C=C4)=C3,140.5,bend-core,CCCCCCCCOc1ccc(C(=O)Oc2ccc(/C=N/c3cccc(C(=O)Oc4ccc(/N=N/c5ccc(CCCCCCCC)cc5)cc4)c3)cc2)cc1
597,O=C(C1=CC=C(/C=N/C2=CC=C(C(OCCCCCCCCCCCCC)=O)C=C2)C=C1)OC3=CC(OC(C4=CC=C(/C=N/C5=CC=C(C(OCCCCCCCCCCCCC)=O)C=C5)C=C4)=O)=CC=C3,140.5,bend-core,CCCCCCCCCCCCCOC(=O)c1ccc(/N=C/c2ccc(C(=O)Oc3cccc(OC(=O)c4ccc(/C=N/c5ccc(C(=O)OCCCCCCCCCCCCC)cc5)cc4)c3)cc2)cc1
512,ClC1=C(OC(C2=CC=C(/N=N/C3=CC=C(OCCCCCCCC)C=C3)C=C2)=O)C=C(OC(C4=CC=C(/N=N/C5=CC=C(OCCCCCCCC)C=C5)C=C4)=O)C(Cl)=C1,141,bend-core,CCCCCCCCOc1ccc(/N=N/c2ccc(C(=O)Oc3cc(OC(=O)c4ccc(/N=N/c5ccc(OCCCCCCCC)cc5)cc4)c(Cl)cc3Cl)cc2)cc1
591,O=C(C1=CC=C(/C=N/C2=CC=C(C(OCCCCCCC)=O)C=C2)C=C1)OC3=CC(OC(C4=CC=C(/C=N/C5=CC=C(C(OCCCCCCC)=O)C=C5)C=C4)=O)=CC=C3,141.5,bend-core,CCCCCCCOC(=O)c1ccc(/N=C/c2ccc(C(=O)Oc3cccc(OC(=O)c4ccc(/C=N/c5ccc(C(=O)OCCCCCCC)cc5)cc4)c3)cc2)cc1
534,O=C(C1=CC=C(/C=N/C2=CC=C(OCCCCCCCCCCCC)C=C2)C=C1)OC3=CC(OC(C4=CC=C(/C=N/C5=CC=C(OCCCCCCCCCCCC)C=C5)C=C4)=O)=CC=C3Cl,142,bend-core,CCCCCCCCCCCCOc1ccc(/N=C/c2ccc(C(=O)Oc3ccc(Cl)c(OC(=O)c4ccc(/C=N/c5ccc(OCCCCCCCCCCCC)cc5)cc4)c3)cc2)cc1
383,O=C(C1=CC=C(OCCCCCCCCCC)C=C1)OC(C=C2)=CC=C2C(OC3=CC(C(OC4=CC=C(/N=N/C5=CC=C(C#N)C=C5)C=C4)=O)=CC=C3)=O,142,bend-core,CCCCCCCCCCOc1ccc(C(=O)Oc2ccc(C(=O)Oc3cccc(C(=O)Oc4ccc(/N=N/c5ccc(C#N)cc5)cc4)c3)cc2)cc1
450,O=C(C1=CC=C(/N=N/C2=CC=C(OCCCCCCCCCCCCCCCCCC)C=C2)C=C1)OC3=CC(OC(C4=CC=C(/N=N/C5=CC=C(OCCCCCCCCCCCCCCCCCC)C=C5)C=C4)=O)=CC=C3C#N,142,bend-core,CCCCCCCCCCCCCCCCCCOc1ccc(/N=N/c2ccc(C(=O)Oc3ccc(C#N)c(OC(=O)c4ccc(/N=N/c5ccc(OCCCCCCCCCCCCCCCCCC)cc5)cc4)c3)cc2)cc1
575,O=C(C1=CC=C(OCCCCCCCCCCCC)C=C1)OC(C=C2)=CC=C2/N=C/C3=CC=CC(C(OC4=CC=C(OC(C5=CC=C(OCCCCCCCCCCCCCC)C=C5)=O)C=C4)=O)=C3,142,bend-core,CCCCCCCCCCCCCCOc1ccc(C(=O)Oc2ccc(OC(=O)c3cccc(/C=N/c4ccc(OC(=O)c5ccc(OCCCCCCCCCCCC)cc5)cc4)c3)cc2)cc1
628,CCCCCCOC1=CC2=C(C=C1OC3=CC(C=CC=C4)=C4C=C3)C5=C(C=C(OCCCCCC)C(OCCCCCC)=C5)C6=C2C=C(OCCCCCC)C(OCCCCCC)=C6,142,disc-like,CCCCCCOc1cc2c3cc(OCCCCCC)c(OCCCCCC)cc3c3cc(Oc4ccc5ccccc5c4)c(OCCCCCC)cc3c2cc1OCCCCCC
638,CCCCCCC(C=C1)=CC=C1C#CC2=C(C#CC3=CC=C(CCCCCC)C=C3)C(C#CC4=CC=C(CCCCCC)C=C4)=C(C#CC5=CC=C(CCCCCC)C=C5)C(C#CC6=CC=C(CCCCCC)C=C6)=C2C#CC7=CC=C(CCCCCC)C=C7,142,disc-like,CCCCCCc1ccc(C#Cc2c(C#Cc3ccc(CCCCCC)cc3)c(C#Cc3ccc(CCCCCC)cc3)c(C#Cc3ccc(CCCCCC)cc3)c(C#Cc3ccc(CCCCCC)cc3)c2C#Cc2ccc(CCCCCC)cc2)cc1
627,CCCCCCOC1=CC2=C(C=C1OC3=CC=C(C4=CC=CC=C4)C=C3)C5=C(C=C(OCCCCCC)C(OCCCCCC)=C5)C6=C2C=C(OCCCCCC)C(OCCCCCC)=C6,142,disc-like,CCCCCCOc1cc2c3cc(OCCCCCC)c(OCCCCCC)cc3c3cc(Oc4ccc(-c5ccccc5)cc4)c(OCCCCCC)cc3c2cc1OCCCCCC
592,O=C(C1=CC=C(/C=N/C2=CC=C(C(OCCCCCCCC)=O)C=C2)C=C1)OC3=CC(OC(C4=CC=C(/C=N/C5=CC=C(C(OCCCCCCCC)=O)C=C5)C=C4)=O)=CC=C3,142.5,bend-core,CCCCCCCCOC(=O)c1ccc(/N=C/c2ccc(C(=O)Oc3cccc(OC(=O)c4ccc(/C=N/c5ccc(C(=O)OCCCCCCCC)cc5)cc4)c3)cc2)cc1
594,O=C(C1=CC=C(/C=N/C2=CC=C(C(OCCCCCCCCCC)=O)C=C2)C=C1)OC3=CC(OC(C4=CC=C(/C=N/C5=CC=C(C(OCCCCCCCCCC)=O)C=C5)C=C4)=O)=CC=C3,142.5,bend-core,CCCCCCCCCCOC(=O)c1ccc(/N=C/c2ccc(C(=O)Oc3cccc(OC(=O)c4ccc(/C=N/c5ccc(C(=O)OCCCCCCCCCC)cc5)cc4)c3)cc2)cc1
542,O=C(C1=CC=C(/C=N/C2=CC=C(OCCCCCCCCC)C=C2)C=C1)OC3=CC(OC(C4=CC=C(/C=N/C5=CC=C(OCCCCCCCCC)C=C5)C=C4)=O)=C(Cl)C=C3Cl,143,bend-core,CCCCCCCCCOc1ccc(/N=C/c2ccc(C(=O)Oc3cc(OC(=O)c4ccc(/C=N/c5ccc(OCCCCCCCCC)cc5)cc4)c(Cl)cc3Cl)cc2)cc1
593,O=C(C1=CC=C(/C=N/C2=CC=C(C(OCCCCCCCCC)=O)C=C2)C=C1)OC3=CC(OC(C4=CC=C(/C=N/C5=CC=C(C(OCCCCCCCCC)=O)C=C5)C=C4)=O)=CC=C3,143,bend-core,CCCCCCCCCOC(=O)c1ccc(/N=C/c2ccc(C(=O)Oc3cccc(OC(=O)c4ccc(/C=N/c5ccc(C(=O)OCCCCCCCCC)cc5)cc4)c3)cc2)cc1
423,O=C(C1=CC=C(/N=N/C2=CC=C(OCC=C)C(Cl)=C2)C=C1)OC3=CC(OC(C4=CC=C(/N=N/C5=CC(Cl)=C(OCC=C)C=C5)C=C4)=O)=CC(F)=C3,143,bend-core,C=CCOc1ccc(/N=N/c2ccc(C(=O)Oc3cc(F)cc(OC(=O)c4ccc(/N=N/c5ccc(OCC=C)c(Cl)c5)cc4)c3)cc2)cc1Cl
421,O=C(C1=CC=C(/N=N/C2=CC=C(OCC=C)C(Cl)=C2)C=C1)OC3=CC(OC(C4=CC=C(/N=N/C5=CC(Cl)=C(OCC=C)C=C5)C=C4)=O)=CC=C3,144,bend-core,C=CCOc1ccc(/N=N/c2ccc(C(=O)Oc3cccc(OC(=O)c4ccc(/N=N/c5ccc(OCC=C)c(Cl)c5)cc4)c3)cc2)cc1Cl
102,CCCCOC1=C(C=C2C(=C1)C3=CC(=C(C=C3C4=CC(=C(C=C24)OCCCC)OCCCC)OCCCC)OCCCC)OCCCC,144,disc-like,CCCCOc1cc2c3cc(OCCCC)c(OCCCC)cc3c3cc(OCCCC)c(OCCCC)cc3c2cc1OCCCC
702,CCCCCCCOC1=C([N+]([O-])=O)C2=C(C=C1OCCCCCCC)C3=C(C([N+]([O-])=O)=C(OCCCCCCC)C(OCCCCCCC)=C3)C4=C2C=C(OCCCCCCC)C(OCCCCCCC)=C4,144.5,disc-like,CCCCCCCOc1cc2c(cc1OCCCCCCC)c1c([N+](=O)[O-])c(OCCCCCCC)c(OCCCCCCC)cc1c1cc(OCCCCCCC)c(OCCCCCCC)c([N+](=O)[O-])c21
406,O=C(C1=CC=C(OC(C2=CC=C(OCCCCCCCCCCCC)C=C2)=O)C=C1)OC3=CC(/C=N/C4=CC=C(/N=N/C5=CC=C(OCCCCCCCCCCCC)C=C5)C=C4)=CC=C3,145,bend-core,CCCCCCCCCCCCOc1ccc(/N=N/c2ccc(/N=C/c3cccc(OC(=O)c4ccc(OC(=O)c5ccc(OCCCCCCCCCCCC)cc5)cc4)c3)cc2)cc1
636,FC(C(F)=C(C1=CC=CC=C1)C(F)=C2F)=C2OC(C(OCCCCCC)=C3)=CC4=C3C(C=C(OCCCCCC)C(OCCCCCC)=C5)=C5C6=C4C=C(OCCCCCC)C(OCCCCCC)=C6,145,disc-like,CCCCCCOc1cc2c3cc(OCCCCCC)c(OCCCCCC)cc3c3cc(Oc4c(F)c(F)c(-c5ccccc5)c(F)c4F)c(OCCCCCC)cc3c2cc1OCCCCCC
701,CCCCCCOC1=C([N+]([O-])=O)C2=C(C=C1OCCCCCC)C3=C(C([N+]([O-])=O)=C(OCCCCCC)C(OCCCCCC)=C3)C4=C2C=C(OCCCCCC)C(OCCCCCC)=C4,145.1,disc-like,CCCCCCOc1cc2c(cc1OCCCCCC)c1c([N+](=O)[O-])c(OCCCCCC)c(OCCCCCC)cc1c1cc(OCCCCCC)c(OCCCCCC)c([N+](=O)[O-])c21
499,O=C(OC1=CC=C(/N=N/C2=CC=C(CCCC)C=C2)C=C1)C3=CC=CC(/N=C/C4=CC=C(OC(C5=CC=C(OCCCCCCCC)C=C5)=O)C=C4)=C3,145.8,bend-core,CCCCCCCCOc1ccc(C(=O)Oc2ccc(/C=N/c3cccc(C(=O)Oc4ccc(/N=N/c5ccc(CCCC)cc5)cc4)c3)cc2)cc1
482,O=C(C1=CC=C(OC(C2=CC=C(OCCCCCCCC)C=C2)=O)C=C1)OC3=CC(/C=N/C4=CC=C(/N=N/C5=CC=C(OCCCCCCCCCCCC)C=C5)C=C4)=CC=C3,146.7,bend-core,CCCCCCCCCCCCOc1ccc(/N=N/c2ccc(/N=C/c3cccc(OC(=O)c4ccc(OC(=O)c5ccc(OCCCCCCCC)cc5)cc4)c3)cc2)cc1
507,O=C(OC1=CC=C(/N=N/C2=CC=C(OCCCCCCCCCC)C=C2)C=C1)C3=CC=CC(/N=C/C4=CC=C(OC(C5=CC=C(OCCCCCCCC)C=C5)=O)C=C4)=C3,147,bend-core,CCCCCCCCCCOc1ccc(/N=N/c2ccc(OC(=O)c3cccc(/N=C/c4ccc(OC(=O)c5ccc(OCCCCCCCC)cc5)cc4)c3)cc2)cc1
566,O=C(OC1=CC=C(OCCCCCCCC)C=C1)C(C=C2)=CC=C2/N=C/C3=CC=CC(/C=N/C4=CC=C(C(OC5=CC=C(OCCCCCCCC)C=C5)=O)C=C4)=C3,147,bend-core,CCCCCCCCOc1ccc(OC(=O)c2ccc(/N=C/c3cccc(/C=N/c4ccc(C(=O)Oc5ccc(OCCCCCCCC)cc5)cc4)c3)cc2)cc1
675,CCCCCCCCCCOC1=CC(OCCCCCCCCCC)=CC(C2=NN=C3N2C4=NN=C(C5=CC(OCCCCCCCCCC)=CC(OCCCCCCCCCC)=C5)N4C6=NN=C(C7=CC(OCCCCCCCCCC)=CC(OCCCCCCCCCC)=C7)N36)=C1,147,disc-like,CCCCCCCCCCOc1cc(OCCCCCCCCCC)cc(-c2nnc3n2c2nnc(-c4cc(OCCCCCCCCCC)cc(OCCCCCCCCCC)c4)n2c2nnc(-c4cc(OCCCCCCCCCC)cc(OCCCCCCCCCC)c4)n32)c1
100,CCC1=CC=C(C=C1)C#CC2=C(C(=C(C(=C2C#CC3=CC=C(C=C3)CC)C#CC4=CC=C(C=C4)CC)OCCCCCCCCCCCOC(=O)C5=CC(=CC(=C5)C(=O)OCCCCCCCCCCCOC6=C(C(=C(C(=C6C#CC7=CC=C(C=C7)CC)C#CC8=CC=C(C=C8)CC)C#CC9=CC=C(C=C9)CC)C#CC1=CC=C(C=C1)CC)C#CC1=CC=C(C=C1)CC)C(=O)OCCCCCCCCCCCOC1=C(C(=C(C(=C1C#CC1=CC=C(C=C1)CC)C#CC1=CC=C(C=C1)CC)C#CC1=CC=C(C=C1)CC)C#CC1=CC=C(C=C1)CC)C#CC1=CC=C(C=C1)CC)C#CC1=CC=C(C=C1)CC)C#CC1=CC=C(C=C1)CC,147,disc-like,CCc1ccc(C#Cc2c(C#Cc3ccc(CC)cc3)c(C#Cc3ccc(CC)cc3)c(OCCCCCCCCCCCOC(=O)c3cc(C(=O)OCCCCCCCCCCCOc4c(C#Cc5ccc(CC)cc5)c(C#Cc5ccc(CC)cc5)c(C#Cc5ccc(CC)cc5)c(C#Cc5ccc(CC)cc5)c4C#Cc4ccc(CC)cc4)cc(C(=O)OCCCCCCCCCCCOc4c(C#Cc5ccc(CC)cc5)c(C#Cc5ccc(CC)cc5)c(C#Cc5ccc(CC)cc5)c(C#Cc5ccc(CC)cc5)c4C#Cc4ccc(CC)cc4)c3)c(C#Cc3ccc(CC)cc3)c2C#Cc2ccc(CC)cc2)cc1
479,O=C(C1=CC=C(OC(C2=CC=C(OCCCCC)C=C2)=O)C=C1)OC3=CC(/C=N/C4=CC=C(/N=N/C5=CC=C(OCCCCCCCCCCCC)C=C5)C=C4)=CC=C3,147.3,bend-core,CCCCCCCCCCCCOc1ccc(/N=N/c2ccc(/N=C/c3cccc(OC(=O)c4ccc(OC(=O)c5ccc(OCCCCC)cc5)cc4)c3)cc2)cc1
478,O=C(C1=CC=C(OC(C2=CC=C(OCCCC)C=C2)=O)C=C1)OC3=CC(/C=N/C4=CC=C(/N=N/C5=CC=C(OCCCCCCCCCCCC)C=C5)C=C4)=CC=C3,147.3,bend-core,CCCCCCCCCCCCOc1ccc(/N=N/c2ccc(/N=C/c3cccc(OC(=O)c4ccc(OC(=O)c5ccc(OCCCC)cc5)cc4)c3)cc2)cc1
481,O=C(C1=CC=C(OC(C2=CC=C(OCCCCCCC)C=C2)=O)C=C1)OC3=CC(/C=N/C4=CC=C(/N=N/C5=CC=C(OCCCCCCCCCCCC)C=C5)C=C4)=CC=C3,147.9,bend-core,CCCCCCCCCCCCOc1ccc(/N=N/c2ccc(/N=C/c3cccc(OC(=O)c4ccc(OC(=O)c5ccc(OCCCCCCC)cc5)cc4)c3)cc2)cc1
541,O=C(C1=CC=C(/C=N/C2=CC=C(OCCCCCCCC)C=C2)C=C1)OC3=CC(OC(C4=CC=C(/C=N/C5=CC=C(OCCCCCCCC)C=C5)C=C4)=O)=C(Cl)C=C3Cl,148,bend-core,CCCCCCCCOc1ccc(/N=C/c2ccc(C(=O)Oc3cc(OC(=O)c4ccc(/C=N/c5ccc(OCCCCCCCC)cc5)cc4)c(Cl)cc3Cl)cc2)cc1
556,O=C(C1=CC=C(OCCCCCC)C=C1)OC(C=C2)=CC=C2/C=N/C3=CC=CC(/N=C/C4=CC=C(OC(C5=CC=C(OCCCCCC)C=C5)=O)C=C4)=C3,148,bend-core,CCCCCCOc1ccc(C(=O)Oc2ccc(/C=N/c3cccc(/N=C/c4ccc(OC(=O)c5ccc(OCCCCCC)cc5)cc4)c3)cc2)cc1
138,CCCC1=CC=C(C=C1)C#CC2=C(C(=C(C(=C2C#CC3=CC=C(C=C3)CCC)C#CC4=CC=C(C=C4)CCC)OCCCCCCCCCCCO)C#CC5=CC=C(C=C5)CCC)C#CC6=CC=C(C=C6)CCC,148,disc-like,CCCc1ccc(C#Cc2c(C#Cc3ccc(CCC)cc3)c(C#Cc3ccc(CCC)cc3)c(OCCCCCCCCCCCO)c(C#Cc3ccc(CCC)cc3)c2C#Cc2ccc(CCC)cc2)cc1
483,O=C(C1=CC=C(OC(C2=CC=C(OCCCCCCCCC)C=C2)=O)C=C1)OC3=CC(/C=N/C4=CC=C(/N=N/C5=CC=C(OCCCCCCCCCCCC)C=C5)C=C4)=CC=C3,148.5,bend-core,CCCCCCCCCCCCOc1ccc(/N=N/c2ccc(/N=C/c3cccc(OC(=O)c4ccc(OC(=O)c5ccc(OCCCCCCCCC)cc5)cc4)c3)cc2)cc1
585,O=C(C1=CC=C(/C=C/C2=CC=C(OCCCCCCCCCCCCC)C(F)=C2)C=C1)OC3=CC(OC(C4=CC=C(/C=C/C5=CC(F)=C(OCCCCCCCCCCCCC)C=C5)C=C4)=O)=CC=C3,148.8,bend-core,CCCCCCCCCCCCCOc1ccc(/C=C/c2ccc(C(=O)Oc3cccc(OC(=O)c4ccc(/C=C/c5ccc(OCCCCCCCCCCCCC)c(F)c5)cc4)c3)cc2)cc1F
488,O=C(C1=CC=C(OC(C2=CC=C(OCCCCCCCCCCCCCCCC)C=C2)=O)C=C1)OC3=CC(/C=N/C4=CC=C(/N=N/C5=CC=C(OCCCCCCCCCCCC)C=C5)C=C4)=CC=C3,149,bend-core,CCCCCCCCCCCCCCCCOc1ccc(C(=O)Oc2ccc(C(=O)Oc3cccc(/C=N/c4ccc(/N=N/c5ccc(OCCCCCCCCCCCC)cc5)cc4)c3)cc2)cc1
635,FC(C(F)=C(C1=C(F)C(F)=C(F)C(F)=C1F)C(F)=C2F)=C2OC(C(OCCCCCC)=C3)=CC4=C3C(C=C(OCCCCCC)C(OCCCCCC)=C5)=C5C6=C4C=C(OCCCCCC)C(OCCCCCC)=C6,149,disc-like,CCCCCCOc1cc2c3cc(OCCCCCC)c(OCCCCCC)cc3c3cc(Oc4c(F)c(F)c(-c5c(F)c(F)c(F)c(F)c5F)c(F)c4F)c(OCCCCCC)cc3c2cc1OCCCCCC
484,O=C(C1=CC=C(OC(C2=CC=C(OCCCCCCCCCC)C=C2)=O)C=C1)OC3=CC(/C=N/C4=CC=C(/N=N/C5=CC=C(OCCCCCCCCCCCC)C=C5)C=C4)=CC=C3,149.5,bend-core,CCCCCCCCCCCCOc1ccc(/N=N/c2ccc(/N=C/c3cccc(OC(=O)c4ccc(OC(=O)c5ccc(OCCCCCCCCCC)cc5)cc4)c3)cc2)cc1
524,O=C(C1=CC=C(/C=N/C2=CC=C(CCCCC)C=C2)C=C1)OC3=CC(OC(C4=CC=C(/C=N/C5=CC=C(CCCCC)C=C5)C=C4)=O)=CC=C3,149.9,bend-core,CCCCCc1ccc(/N=C/c2ccc(C(=O)Oc3cccc(OC(=O)c4ccc(/C=N/c5ccc(CCCCC)cc5)cc4)c3)cc2)cc1
117,C=CC(=O)OCCCCCCOC1=CC=C(C=C1)C(=O)OC2=CC=C(C=C2)C(=O)OC3=CC=C(C=C3)OCCCCCCOC(=O)C=C,150,rod-like,C=CC(=O)OCCCCCCOc1ccc(OC(=O)c2ccc(OC(=O)c3ccc(OCCCCCCOC(=O)C=C)cc3)cc2)cc1
625,O=C(CCCCCCC(F)(C(F)(C(F)(C(F)(F)F)F)F)F)OC1=CC2=C(C=C1OC(CCCCCCC(F)(C(F)(C(F)(C(F)(F)F)F)F)F)=O)C3=C(C=C(OC(CCCCCCC(F)(C(F)(C(F)(C(F)(F)F)F)F)F)=O)C(OC(CCCCCCC(F)(C(F)(C(F)(C(F)(F)F)F)F)F)=O)=C3)C4=C2C=C(OC(CCCCCCC(F)(C(F)(C(F)(C(F)(F)F)F)F)F)=O)C(OC(CCCCCCC(F)(C(F)(C(F)(C(F)(F)F)F)F)F)=O)=C4,150,disc-like,O=C(CCCCCCC(F)(F)C(F)(F)C(F)(F)C(F)(F)F)Oc1cc2c3cc(OC(=O)CCCCCCC(F)(F)C(F)(F)C(F)(F)C(F)(F)F)c(OC(=O)CCCCCCC(F)(F)C(F)(F)C(F)(F)C(F)(F)F)cc3c3cc(OC(=O)CCCCCCC(F)(F)C(F)(F)C(F)(F)C(F)(F)F)c(OC(=O)CCCCCCC(F)(F)C(F)(F)C(F)(F)C(F)(F)F)cc3c2cc1OC(=O)CCCCCCC(F)(F)C(F)(F)C(F)(F)C(F)(F)F
422,O=C(C1=CC=C(/N=N/C2=CC=C(OCC=C)C=C2)C=C1)OC3=CC(OC(C4=CC=C(/N=N/C5=CC=C(OCC=C)C=C5)C=C4)=O)=CC(F)=C3,151,bend-core,C=CCOc1ccc(/N=N/c2ccc(C(=O)Oc3cc(F)cc(OC(=O)c4ccc(/N=N/c5ccc(OCC=C)cc5)cc4)c3)cc2)cc1
590,O=C(C1=CC=C(/C=C/C2=CC=C(OCCCCCCCCCCCCC)C(F)=C2)C=C1)OC3=C(C)C(OC(C4=CC=C(/C=C/C5=CC(F)=C(OCCCCCCCCCCCCC)C=C5)C=C4)=O)=CC=C3,151,bend-core,CCCCCCCCCCCCCOc1ccc(/C=C/c2ccc(C(=O)Oc3cccc(OC(=O)c4ccc(/C=C/c5ccc(OCCCCCCCCCCCCC)c(F)c5)cc4)c3C)cc2)cc1F
567,O=C(C1=CC=C(OCCCCCCCC)C=C1)OC(C=C2)=CC=C2/N=C/C3=CC=CC(/C=N/C4=CC=C(OC(C5=CC=C(OCCCCCCCC)C=C5)=O)C=C4)=C3,151,bend-core,CCCCCCCCOc1ccc(C(=O)Oc2ccc(/N=C/c3cccc(/C=N/c4ccc(OC(=O)c5ccc(OCCCCCCCC)cc5)cc4)c3)cc2)cc1
529,O=C(C1=CC=C(/C=N/C2=CC=C(CCCCCCCCCCCCCC)C=C2)C=C1)OC3=CC(OC(C4=CC=C(/C=N/C5=CC=C(CCCCCCCCCCCCCC)C=C5)C=C4)=O)=CC=C3,151.3,bend-core,CCCCCCCCCCCCCCc1ccc(/N=C/c2ccc(C(=O)Oc3cccc(OC(=O)c4ccc(/C=N/c5ccc(CCCCCCCCCCCCCC)cc5)cc4)c3)cc2)cc1
700,CCCCCOC1=C([N+]([O-])=O)C2=C(C=C1OCCCCC)C3=C(C([N+]([O-])=O)=C(OCCCCC)C(OCCCCC)=C3)C4=C2C=C(OCCCCC)C(OCCCCC)=C4,151.5,disc-like,CCCCCOc1cc2c(cc1OCCCCC)c1c([N+](=O)[O-])c(OCCCCC)c(OCCCCC)cc1c1cc(OCCCCC)c(OCCCCC)c([N+](=O)[O-])c21
487,O=C(C1=CC=C(OC(C2=CC=C(OCCCCCCCCCCCCCC)C=C2)=O)C=C1)OC3=CC(/C=N/C4=CC=C(/N=N/C5=CC=C(OCCCCCCCCCCCC)C=C5)C=C4)=CC=C3,151.7,bend-core,CCCCCCCCCCCCCCOc1ccc(C(=O)Oc2ccc(C(=O)Oc3cccc(/C=N/c4ccc(/N=N/c5ccc(OCCCCCCCCCCCC)cc5)cc4)c3)cc2)cc1
589,O=C(C1=CC=C(/C=C/C2=CC=C(OCCCCCCCCCCCC)C(F)=C2)C=C1)OC3=C(C)C(OC(C4=CC=C(/C=C/C5=CC(F)=C(OCCCCCCCCCCCC)C=C5)C=C4)=O)=CC=C3,151.7,bend-core,CCCCCCCCCCCCOc1ccc(/C=C/c2ccc(C(=O)Oc3cccc(OC(=O)c4ccc(/C=C/c5ccc(OCCCCCCCCCCCC)c(F)c5)cc4)c3C)cc2)cc1F
674,CCCCCCCCOC1=CC(OCCCCCCCC)=CC(C2=NN=C3N2C4=NN=C(C5=CC(OCCCCCCCC)=CC(OCCCCCCCC)=C5)N4C6=NN=C(C7=CC(OCCCCCCCC)=CC(OCCCCCCCC)=C7)N36)=C1,151.7,disc-like,CCCCCCCCOc1cc(OCCCCCCCC)cc(-c2nnc3n2c2nnc(-c4cc(OCCCCCCCC)cc(OCCCCCCCC)c4)n2c2nnc(-c4cc(OCCCCCCCC)cc(OCCCCCCCC)c4)n32)c1
374,O=C(C1=CC=C(OCCCCC)C=C1)OC(C=C2)=CC=C2/C=N/C3=CC(C(OC4=CC=C(/N=N/C5=CC=C(C#N)C=C5)C=C4)=O)=CC=C3,152,bend-core,CCCCCOc1ccc(C(=O)Oc2ccc(/C=N/c3cccc(C(=O)Oc4ccc(/N=N/c5ccc(C#N)cc5)cc4)c3)cc2)cc1
587,O=C(C1=CC=C(/C=C/C2=CC=C(OCCCCCCCCCC)C(F)=C2)C=C1)OC3=C(C)C(OC(C4=CC=C(/C=C/C5=CC(F)=C(OCCCCCCCCCC)C=C5)C=C4)=O)=CC=C3,152.5,bend-core,CCCCCCCCCCOc1ccc(/C=C/c2ccc(C(=O)Oc3cccc(OC(=O)c4ccc(/C=C/c5ccc(OCCCCCCCCCC)c(F)c5)cc4)c3C)cc2)cc1F
72,N#CC(C=C1)=CC=C1C(C=C2)=CC=C2CCCCCCOC3=CC=C(C4=CC=C(C#N)C=C4)C=C3,153,rod-like,N#Cc1ccc(-c2ccc(CCCCCCOc3ccc(-c4ccc(C#N)cc4)cc3)cc2)cc1
540,O=C(C1=CC=C(/C=N/C2=CC=C(OCCCCCCC)C=C2)C=C1)OC3=CC(OC(C4=CC=C(/C=N/C5=CC=C(OCCCCCCC)C=C5)C=C4)=O)=C(Cl)C=C3Cl,153,bend-core,CCCCCCCOc1ccc(/N=C/c2ccc(C(=O)Oc3cc(OC(=O)c4ccc(/C=N/c5ccc(OCCCCCCC)cc5)cc4)c(Cl)cc3Cl)cc2)cc1
506,O=C(OC1=CC=C(/N=N/C2=CC=C(OCCCCCCCC)C=C2)C=C1)C3=CC=CC(/N=C/C4=CC=C(OC(C5=CC=C(OCCCCCCCC)C=C5)=O)C=C4)=C3,153.4,bend-core,CCCCCCCCOc1ccc(/N=N/c2ccc(OC(=O)c3cccc(/N=C/c4ccc(OC(=O)c5ccc(OCCCCCCCC)cc5)cc4)c3)cc2)cc1
588,O=C(C1=CC=C(/C=C/C2=CC=C(OCCCCCCCCCCC)C(F)=C2)C=C1)OC3=C(C)C(OC(C4=CC=C(/C=C/C5=CC(F)=C(OCCCCCCCCCCC)C=C5)C=C4)=O)=CC=C3,154,bend-core,CCCCCCCCCCCOc1ccc(/C=C/c2ccc(C(=O)Oc3cccc(OC(=O)c4ccc(/C=C/c5ccc(OCCCCCCCCCCC)c(F)c5)cc4)c3C)cc2)cc1F
375,O=C(C1=CC=C(OCCCCCC)C=C1)OC(C=C2)=CC=C2/C=N/C3=CC(C(OC4=CC=C(/N=N/C5=CC=C(C#N)C=C5)C=C4)=O)=CC=C3,155,bend-core,CCCCCCOc1ccc(C(=O)Oc2ccc(/C=N/c3cccc(C(=O)Oc4ccc(/N=N/c5ccc(C#N)cc5)cc4)c3)cc2)cc1
525,O=C(C1=CC=C(/C=N/C2=CC=C(CCCCCC)C=C2)C=C1)OC3=CC(OC(C4=CC=C(/C=N/C5=CC=C(CCCCCC)C=C5)C=C4)=O)=CC=C3,155.6,bend-core,CCCCCCc1ccc(/N=C/c2ccc(C(=O)Oc3cccc(OC(=O)c4ccc(/C=N/c5ccc(CCCCCC)cc5)cc4)c3)cc2)cc1
11,CCCCCC1CCC(CC1)C2COC(OC2)C3=CC=C(C=C3)F,155.7,rod-like,CCCCCC1CCC(C2COC(c3ccc(F)cc3)OC2)CC1
528,O=C(C1=CC=C(/C=N/C2=CC=C(CCCCCCCCCCCC)C=C2)C=C1)OC3=CC(OC(C4=CC=C(/C=N/C5=CC=C(CCCCCCCCCCCC)C=C5)C=C4)=O)=CC=C3,156,bend-core,CCCCCCCCCCCCc1ccc(/N=C/c2ccc(C(=O)Oc3cccc(OC(=O)c4ccc(/C=N/c5ccc(CCCCCCCCCCCC)cc5)cc4)c3)cc2)cc1
404,O=C(C1=CC=C(OC(C2=CC=C(OCCCCCCCC)C=C2)=O)C=C1)OC3=CC(/C=N/C4=CC=C(/N=N/C5=CC=C(OCCCCCCCC)C=C5)C=C4)=CC=C3,156,bend-core,CCCCCCCCOc1ccc(/N=N/c2ccc(/N=C/c3cccc(OC(=O)c4ccc(OC(=O)c5ccc(OCCCCCCCC)cc5)cc4)c3)cc2)cc1
30,CCCCCCCCC1=CN=C(N=C1)C2=CC=C(C=C2)C3=CC=C(C=C3)CCCCCCC,157,rod-like,CCCCCCCCc1cnc(-c2ccc(-c3ccc(CCCCCCC)cc3)cc2)nc1
505,O=C(OC1=CC=C(/N=N/C2=CC=C(OCCCCCC)C=C2)C=C1)C3=CC=CC(/N=C/C4=CC=C(OC(C5=CC=C(OCCCCCCCC)C=C5)=O)C=C4)=C3,157.2,bend-core,CCCCCCCCOc1ccc(C(=O)Oc2ccc(/C=N/c3cccc(C(=O)Oc4ccc(/N=N/c5ccc(OCCCCCC)cc5)cc4)c3)cc2)cc1
526,O=C(C1=CC=C(/C=N/C2=CC=C(CCCCCCCC)C=C2)C=C1)OC3=CC(OC(C4=CC=C(/C=N/C5=CC=C(CCCCCCCC)C=C5)C=C4)=O)=CC=C3,158.1,bend-core,CCCCCCCCc1ccc(/N=C/c2ccc(C(=O)Oc3cccc(OC(=O)c4ccc(/C=N/c5ccc(CCCCCCCC)cc5)cc4)c3)cc2)cc1
504,O=C(OC1=CC=C(/N=N/C2=CC=C(OCCCC)C=C2)C=C1)C3=CC=CC(/N=C/C4=CC=C(OC(C5=CC=C(OCCCCCCCC)C=C5)=O)C=C4)=C3,158.4,bend-core,CCCCCCCCOc1ccc(C(=O)Oc2ccc(/C=N/c3cccc(C(=O)Oc4ccc(/N=N/c5ccc(OCCCC)cc5)cc4)c3)cc2)cc1
527,O=C(C1=CC=C(/C=N/C2=CC=C(CCCCCCCCCC)C=C2)C=C1)OC3=CC(OC(C4=CC=C(/C=N/C5=CC=C(CCCCCCCCCC)C=C5)C=C4)=O)=CC=C3,158.5,bend-core,CCCCCCCCCCc1ccc(/N=C/c2ccc(C(=O)Oc3cccc(OC(=O)c4ccc(/C=N/c5ccc(CCCCCCCCCC)cc5)cc4)c3)cc2)cc1
393,O=C(OC1=CC=C(/C=N/C2=CC=C(OCCCCCCCCCCCCCC)C=C2)C=C1)C3=CC(OC(C4=CC=C(/N=N/C5=CC=C(OCCCCCCCCCCCC)C=C5)C=C4)=O)=CC=C3,159,bend-core,CCCCCCCCCCCCCCOc1ccc(/N=C/c2ccc(OC(=O)c3cccc(OC(=O)c4ccc(/N=N/c5ccc(OCCCCCCCCCCCC)cc5)cc4)c3)cc2)cc1
623,O=C(CCCCC(F)(F)C(F)(F)C(F)(F)C(F)(F)F)OC1=CC2=C(C=C1OC(CCCCC(F)(F)C(F)(F)C(F)(F)C(F)(F)F)=O)C3=C(C=C(OC(CCCCC(F)(F)C(F)(F)C(F)(F)C(F)(F)F)=O)C(OC(CCCCC(F)(F)C(F)(F)C(F)(F)C(F)(F)F)=O)=C3)C4=C2C=C(OC(CCCCC(F)(F)C(F)(F)C(F)(F)C(F)(F)F)=O)C(OC(CCCCC(F)(F)C(F)(F)C(F)(F)C(F)(F)F)=O)=C4,159,disc-like,O=C(CCCCC(F)(F)C(F)(F)C(F)(F)C(F)(F)F)Oc1cc2c3cc(OC(=O)CCCCC(F)(F)C(F)(F)C(F)(F)C(F)(F)F)c(OC(=O)CCCCC(F)(F)C(F)(F)C(F)(F)C(F)(F)F)cc3c3cc(OC(=O)CCCCC(F)(F)C(F)(F)C(F)(F)C(F)(F)F)c(OC(=O)CCCCC(F)(F)C(F)(F)C(F)(F)C(F)(F)F)cc3c2cc1OC(=O)CCCCC(F)(F)C(F)(F)C(F)(F)C(F)(F)F
586,O=C(C1=CC=C(/C=C/C2=CC=C(OCCCCCCCC)C(F)=C2)C=C1)OC3=C(C)C(OC(C4=CC=C(/C=C/C5=CC(F)=C(OCCCCCCCC)C=C5)C=C4)=O)=CC=C3,159.7,bend-core,CCCCCCCCOc1ccc(/C=C/c2ccc(C(=O)Oc3cccc(OC(=O)c4ccc(/C=C/c5ccc(OCCCCCCCC)c(F)c5)cc4)c3C)cc2)cc1F
392,O=C(OC1=CC=C(/C=N/C2=CC=C(OCCCCCCCCCCCC)C=C2)C=C1)C3=CC(OC(C4=CC=C(/N=N/C5=CC=C(OCCCCCCCCCCCC)C=C5)C=C4)=O)=CC=C3,160,bend-core,CCCCCCCCCCCCOc1ccc(/N=C/c2ccc(OC(=O)c3cccc(OC(=O)c4ccc(/N=N/c5ccc(OCCCCCCCCCCCC)cc5)cc4)c3)cc2)cc1
403,O=C(C1=CC=C(OC(C2=CC=C(OCCCCCC)C=C2)=O)C=C1)OC3=CC(/C=N/C4=CC=C(/N=N/C5=CC=C(OCCCCCC)C=C5)C=C4)=CC=C3,160,bend-core,CCCCCCOc1ccc(/N=N/c2ccc(/N=C/c3cccc(OC(=O)c4ccc(OC(=O)c5ccc(OCCCCCC)cc5)cc4)c3)cc2)cc1
114,CCCCCC1CCC(CC1)C2=CC=C(C=C2)OC(=O)C3=CC=C(C=C3)OCCCCCCOC(=O)C=C,161,rod-like,C=CC(=O)OCCCCCCOc1ccc(C(=O)Oc2ccc(C3CCC(CCCCC)CC3)cc2)cc1
391,O=C(OC1=CC=C(/C=N/C2=CC=C(OCCCCCCCCCCC)C=C2)C=C1)C3=CC(OC(C4=CC=C(/N=N/C5=CC=C(OCCCCCCCCCCCC)C=C5)C=C4)=O)=CC=C3,161,bend-core,CCCCCCCCCCCCOc1ccc(/N=N/c2ccc(C(=O)Oc3cccc(C(=O)Oc4ccc(/C=N/c5ccc(OCCCCCCCCCCC)cc5)cc4)c3)cc2)cc1
634,FC(C(C(F)=C(F)C(F)=C1F)=C1C(F)=C2F)=C2OC(C(OCCCCCC)=C3)=CC4=C3C(C=C(OCCCCCC)C(OCCCCCC)=C5)=C5C6=C4C=C(OCCCCCC)C(OCCCCCC)=C6,161,disc-like,CCCCCCOc1cc2c3cc(OCCCCCC)c(OCCCCCC)cc3c3cc(Oc4c(F)c(F)c5c(F)c(F)c(F)c(F)c5c4F)c(OCCCCCC)cc3c2cc1OCCCCCC
387,O=C(OC1=CC=C(/C=N/C2=CC=C(OCCCCCCC)C=C2)C=C1)C3=CC(OC(C4=CC=C(/N=N/C5=CC=C(OCCCCCCCCCCCC)C=C5)C=C4)=O)=CC=C3,162,bend-core,CCCCCCCCCCCCOc1ccc(/N=N/c2ccc(C(=O)Oc3cccc(C(=O)Oc4ccc(/C=N/c5ccc(OCCCCCCC)cc5)cc4)c3)cc2)cc1
476,O=C(C1=CC=C(/N=N/C2=CC=C(OCCCCCCCCCCCCCC)C=C2)C=C1)OC3=CC(/C=N/C4=CC=C(/N=N/C5=CC=C(OCCCCCCCCCCCC)C=C5)C=C4)=CC=C3,162.1,bend-core,CCCCCCCCCCCCCCOc1ccc(/N=N/c2ccc(C(=O)Oc3cccc(/C=N/c4ccc(/N=N/c5ccc(OCCCCCCCCCCCC)cc5)cc4)c3)cc2)cc1
390,O=C(OC1=CC=C(/C=N/C2=CC=C(OCCCCCCCCCC)C=C2)C=C1)C3=CC(OC(C4=CC=C(/N=N/C5=CC=C(OCCCCCCCCCCCC)C=C5)C=C4)=O)=CC=C3,163,bend-core,CCCCCCCCCCCCOc1ccc(/N=N/c2ccc(C(=O)Oc3cccc(C(=O)Oc4ccc(/C=N/c5ccc(OCCCCCCCCCC)cc5)cc4)c3)cc2)cc1
378,O=C(C1=CC=C(OCCCCCCCCC)C=C1)OC(C=C2)=CC=C2/C=N/C3=CC(C(OC4=CC=C(/N=N/C5=CC=C(C#N)C=C5)C=C4)=O)=CC=C3,163,bend-core,CCCCCCCCCOc1ccc(C(=O)Oc2ccc(/C=N/c3cccc(C(=O)Oc4ccc(/N=N/c5ccc(C#N)cc5)cc4)c3)cc2)cc1
389,O=C(OC1=CC=C(/C=N/C2=CC=C(OCCCCCCCCC)C=C2)C=C1)C3=CC(OC(C4=CC=C(/N=N/C5=CC=C(OCCCCCCCCCCCC)C=C5)C=C4)=O)=CC=C3,163,bend-core,CCCCCCCCCCCCOc1ccc(/N=N/c2ccc(C(=O)Oc3cccc(C(=O)Oc4ccc(/C=N/c5ccc(OCCCCCCCCC)cc5)cc4)c3)cc2)cc1
633,FC1=C(F)C(OC(C(OCCCCCC)=C2)=CC3=C2C(C=C(OCCCCCC)C(OCCCCCC)=C4)=C4C5=C3C=C(OCCCCCC)C(OCCCCCC)=C5)=C(F)C(F)=C1F,163,disc-like,CCCCCCOc1cc2c3cc(OCCCCCC)c(OCCCCCC)cc3c3cc(Oc4c(F)c(F)c(F)c(F)c4F)c(OCCCCCC)cc3c2cc1OCCCCCC
474,O=C(C1=CC=C(/N=N/C2=CC=C(OCCCCCCCCCCC)C=C2)C=C1)OC3=CC(/C=N/C4=CC=C(/N=N/C5=CC=C(OCCCCCCCCCCCC)C=C5)C=C4)=CC=C3,163.1,bend-core,CCCCCCCCCCCCOc1ccc(/N=N/c2ccc(/N=C/c3cccc(OC(=O)c4ccc(/N=N/c5ccc(OCCCCCCCCCCC)cc5)cc4)c3)cc2)cc1
470,O=C(C1=CC=C(/N=N/C2=CC=C(OCCCCCCC)C=C2)C=C1)OC3=CC(/C=N/C4=CC=C(/N=N/C5=CC=C(OCCCCCCCCCCCC)C=C5)C=C4)=CC=C3,163.1,bend-core,CCCCCCCCCCCCOc1ccc(/N=N/c2ccc(/N=C/c3cccc(OC(=O)c4ccc(/N=N/c5ccc(OCCCCCCC)cc5)cc4)c3)cc2)cc1
475,O=C(C1=CC=C(/N=N/C2=CC=C(OCCCCCCCCCCCC)C=C2)C=C1)OC3=CC(/C=N/C4=CC=C(/N=N/C5=CC=C(OCCCCCCCCCCCC)C=C5)C=C4)=CC=C3,163.2,bend-core,CCCCCCCCCCCCOc1ccc(/N=N/c2ccc(/N=C/c3cccc(OC(=O)c4ccc(/N=N/c5ccc(OCCCCCCCCCCCC)cc5)cc4)c3)cc2)cc1
468,O=C(C1=CC=C(/N=N/C2=CC=C(OCCCCC)C=C2)C=C1)OC3=CC(/C=N/C4=CC=C(/N=N/C5=CC=C(OCCCCCCCCCCCC)C=C5)C=C4)=CC=C3,163.6,bend-core,CCCCCCCCCCCCOc1ccc(/N=N/c2ccc(/N=C/c3cccc(OC(=O)c4ccc(/N=N/c5ccc(OCCCCC)cc5)cc4)c3)cc2)cc1
523,O=C(C1=CC=C(/C=N/C2=CC=C(OCCCCCCCCCCCCCCCC)C=C2)C=C1)OC3=CC(OC(C4=CC=C(/C=N/C5=CC=C(OCCCCCCCCCCCCCCCC)C=C5)C=C4)=O)=CC=C3,163.7,bend-core,CCCCCCCCCCCCCCCCOc1ccc(/N=C/c2ccc(C(=O)Oc3cccc(OC(=O)c4ccc(/C=N/c5ccc(OCCCCCCCCCCCCCCCC)cc5)cc4)c3)cc2)cc1
473,O=C(C1=CC=C(/N=N/C2=CC=C(OCCCCCCCCCC)C=C2)C=C1)OC3=CC(/C=N/C4=CC=C(/N=N/C5=CC=C(OCCCCCCCCCCCC)C=C5)C=C4)=CC=C3,163.7,bend-core,CCCCCCCCCCCCOc1ccc(/N=N/c2ccc(/N=C/c3cccc(OC(=O)c4ccc(/N=N/c5ccc(OCCCCCCCCCC)cc5)cc4)c3)cc2)cc1
550,O=C(C1=CC=C(/C=N/C2=CC=C(OCCCCCCCCCCCC)C=C2)C=C1)OC3=C(C)C(OC(C4=CC=C(/C=N/C5=CC=C(OCCCCCCCCCCCC)C=C5)C=C4)=O)=CC=C3,164,bend-core,CCCCCCCCCCCCOc1ccc(/N=C/c2ccc(C(=O)Oc3cccc(OC(=O)c4ccc(/C=N/c5ccc(OCCCCCCCCCCCC)cc5)cc4)c3C)cc2)cc1
472,O=C(C1=CC=C(/N=N/C2=CC=C(OCCCCCCCCC)C=C2)C=C1)OC3=CC(/C=N/C4=CC=C(/N=N/C5=CC=C(OCCCCCCCCCCCC)C=C5)C=C4)=CC=C3,164.3,bend-core,CCCCCCCCCCCCOc1ccc(/N=N/c2ccc(/N=C/c3cccc(OC(=O)c4ccc(/N=N/c5ccc(OCCCCCCCCC)cc5)cc4)c3)cc2)cc1
539,O=C(C1=CC=C(/C=N/C2=CC=C(OCCCCCC)C=C2)C=C1)OC3=CC(OC(C4=CC=C(/C=N/C5=CC=C(OCCCCCC)C=C5)C=C4)=O)=C(Cl)C=C3Cl,165,bend-core,CCCCCCOc1ccc(/N=C/c2ccc(C(=O)Oc3cc(OC(=O)c4ccc(/C=N/c5ccc(OCCCCCC)cc5)cc4)c(Cl)cc3Cl)cc2)cc1
699,CCCCOC1=C([N+]([O-])=O)C2=C(C=C1OCCCC)C3=C(C([N+]([O-])=O)=C(OCCCC)C(OCCCC)=C3)C4=C2C=C(OCCCC)C(OCCCC)=C4,166,disc-like,CCCCOc1cc2c(cc1OCCCC)c1c([N+](=O)[O-])c(OCCCC)c(OCCCC)cc1c1cc(OCCCC)c(OCCCC)c([N+](=O)[O-])c21
379,O=C(C1=CC=C(OCCCCCCCCCC)C=C1)OC(C=C2)=CC=C2/C=N/C3=CC(C(OC4=CC=C(/N=N/C5=CC=C(C#N)C=C5)C=C4)=O)=CC=C3,167,bend-core,CCCCCCCCCCOc1ccc(C(=O)Oc2ccc(/C=N/c3cccc(C(=O)Oc4ccc(/N=N/c5ccc(C#N)cc5)cc4)c3)cc2)cc1
549,O=C(C1=CC=C(/C=N/C2=CC=C(OCCCCCCCCCC)C=C2)C=C1)OC3=C(C)C(OC(C4=CC=C(/C=N/C5=CC=C(OCCCCCCCCCC)C=C5)C=C4)=O)=CC=C3,167,bend-core,CCCCCCCCCCOc1ccc(/N=C/c2ccc(C(=O)Oc3cccc(OC(=O)c4ccc(/C=N/c5ccc(OCCCCCCCCCC)cc5)cc4)c3C)cc2)cc1
548,O=C(C1=CC=C(/C=N/C2=CC=C(OCCCCCCCCC)C=C2)C=C1)OC3=C(C)C(OC(C4=CC=C(/C=N/C5=CC=C(OCCCCCCCCC)C=C5)C=C4)=O)=CC=C3,168,bend-core,CCCCCCCCCOc1ccc(/N=C/c2ccc(C(=O)Oc3cccc(OC(=O)c4ccc(/C=N/c5ccc(OCCCCCCCCC)cc5)cc4)c3C)cc2)cc1
685,CCCCCCCCCCCCOC1=C(OCCCCCCCCCCCC)C=CC2=C1C3=C(OCCCCCCCCCCCC)C(OCCCCCCCCCCCC)=CC=C3C(C2=C4)=CC5=C4OCCOC6=CC(C7=CC=C(OCCCCCCCCCCCC)C(OCCCCCCCCCCCC)=C7C8=C9C=CC(OCCCCCCCCCCCC)=C8OCCCCCCCCCCCC)=C9C=C6OCCO5,168,disc-like,CCCCCCCCCCCCOc1ccc2c3cc4c(cc3c3ccc(OCCCCCCCCCCCC)c(OCCCCCCCCCCCC)c3c2c1OCCCCCCCCCCCC)OCCOc1cc2c(cc1OCCO4)c1ccc(OCCCCCCCCCCCC)c(OCCCCCCCCCCCC)c1c1c(OCCCCCCCCCCCC)c(OCCCCCCCCCCCC)ccc21
522,O=C(C1=CC=C(/C=N/C2=CC=C(OCCCCCCCCCCCC)C=C2)C=C1)OC3=CC(OC(C4=CC=C(/C=N/C5=CC=C(OCCCCCCCCCCCC)C=C5)C=C4)=O)=CC=C3,169.9,bend-core,CCCCCCCCCCCCOc1ccc(/N=C/c2ccc(C(=O)Oc3cccc(OC(=O)c4ccc(/C=N/c5ccc(OCCCCCCCCCCCC)cc5)cc4)c3)cc2)cc1
624,O=C(CCCCC(F)(F)C(F)(F)C(F)(F)C(F)(C(F)(F)C(F)(F)F)F)OC1=CC2=C(C=C1OC(CCCCC(F)(F)C(F)(F)C(F)(F)C(F)(C(F)(F)C(F)(F)F)F)=O)C3=C(C=C(OC(CCCCC(F)(F)C(F)(F)C(F)(F)C(F)(C(F)(F)C(F)(F)F)F)=O)C(OC(CCCCC(F)(F)C(F)(F)C(F)(F)C(C(F)(F)C(F)(F)F)(F)F)=O)=C3)C4=C2C=C(OC(CCCCC(F)(F)C(F)(F)C(F)(F)C(F)(C(F)(F)C(F)(F)F)F)=O)C(OC(CCCCC(F)(F)C(F)(F)C(F)(F)C(C(F)(C(F)(F)F)F)(F)F)=O)=C4,171,disc-like,O=C(CCCCC(F)(F)C(F)(F)C(F)(F)C(F)(F)C(F)(F)C(F)(F)F)Oc1cc2c3cc(OC(=O)CCCCC(F)(F)C(F)(F)C(F)(F)C(F)(F)C(F)(F)C(F)(F)F)c(OC(=O)CCCCC(F)(F)C(F)(F)C(F)(F)C(F)(F)C(F)(F)C(F)(F)F)cc3c3cc(OC(=O)CCCCC(F)(F)C(F)(F)C(F)(F)C(F)(F)C(F)(F)C(F)(F)F)c(OC(=O)CCCCC(F)(F)C(F)(F)C(F)(F)C(F)(F)C(F)(F)C(F)(F)F)cc3c2cc1OC(=O)CCCCC(F)(F)C(F)(F)C(F)(F)C(F)(F)C(F)(F)C(F)(F)F
668,O=C(C1=CC=C(C=C(CCCCCCCCCC=C)C=C2)C2=C1)OC3=CC4=C(C=C3OC(C5=CC=C(C=C(CCCCCCCCCC=C)C=C6)C6=C5)=O)C7=C(C=C(OC(C8=CC=C(C=C(CCCCCCCCCC=C)C=C9)C9=C8)=O)C(OC(C%10=CC=C(C=C(CCCCCCCCCC=C)C=C%11)C%11=C%10)=O)=C7)C%12=C4C=C(OC(C%13=CC(C=CC(CCCCCCCCCC=C)=C%14)=C%14C=C%13)=O)C(OC(C%15=CC(C=CC(CCCCCCCCCC=C)=C%16)=C%16C=C%15)=O)=C%12,171,disc-like,C=CCCCCCCCCCc1ccc2cc(C(=O)Oc3cc4c5cc(OC(=O)c6ccc7cc(CCCCCCCCCC=C)ccc7c6)c(OC(=O)c6ccc7cc(CCCCCCCCCC=C)ccc7c6)cc5c5cc(OC(=O)c6ccc7cc(CCCCCCCCCC=C)ccc7c6)c(OC(=O)c6ccc7cc(CCCCCCCCCC=C)ccc7c6)cc5c4cc3OC(=O)c3ccc4cc(CCCCCCCCCC=C)ccc4c3)ccc2c1
519,O=C(C1=CC=C(/C=N/C2=CC=C(OCCCCCCC)C=C2)C=C1)OC3=CC(OC(C4=CC=C(/C=N/C5=CC=C(OCCCCCCC)C=C5)C=C4)=O)=CC=C3,171.7,bend-core,CCCCCCCOc1ccc(/N=C/c2ccc(C(=O)Oc3cccc(OC(=O)c4ccc(/C=N/c5ccc(OCCCCCCC)cc5)cc4)c3)cc2)cc1
373,O=C(C1=CC=C(OCCCC)C=C1)OC(C=C2)=CC=C2/C=N/C3=CC(C(OC4=CC=C(/N=N/C5=CC=C(C#N)C=C5)C=C4)=O)=CC=C3,172,bend-core,CCCCOc1ccc(C(=O)Oc2ccc(/C=N/c3cccc(C(=O)Oc4ccc(/N=N/c5ccc(C#N)cc5)cc4)c3)cc2)cc1
547,O=C(C1=CC=C(/C=N/C2=CC=C(OCCCCCCCC)C=C2)C=C1)OC3=C(C)C(OC(C4=CC=C(/C=N/C5=CC=C(OCCCCCCCC)C=C5)C=C4)=O)=CC=C3,172,bend-core,CCCCCCCCOc1ccc(/N=C/c2ccc(C(=O)Oc3cccc(OC(=O)c4ccc(/C=N/c5ccc(OCCCCCCCC)cc5)cc4)c3C)cc2)cc1
521,O=C(C1=CC=C(/C=N/C2=CC=C(OCCCCCCCCCC)C=C2)C=C1)OC3=CC(OC(C4=CC=C(/C=N/C5=CC=C(OCCCCCCCCCC)C=C5)C=C4)=O)=CC=C3,172.9,bend-core,CCCCCCCCCCOc1ccc(/N=C/c2ccc(C(=O)Oc3cccc(OC(=O)c4ccc(/C=N/c5ccc(OCCCCCCCCCC)cc5)cc4)c3)cc2)cc1
555,O=C(C1=CC=C(/C=N/C2=CC=C(OCCCCCCCCCCCC)C=C2)C=C1)OC3=C([N+]([O-])=O)C(OC(C4=CC=C(/C=N/C5=CC=C(OCCCCCCCCCCCC)C=C5)C=C4)=O)=CC=C3,173,bend-core,CCCCCCCCCCCCOc1ccc(/N=C/c2ccc(C(=O)Oc3cccc(OC(=O)c4ccc(/C=N/c5ccc(OCCCCCCCCCCCC)cc5)cc4)c3[N+](=O)[O-])cc2)cc1
546,O=C(C1=CC=C(/C=N/C2=CC=C(OCCCCCCC)C=C2)C=C1)OC3=C(C)C(OC(C4=CC=C(/C=N/C5=CC=C(OCCCCCCC)C=C5)C=C4)=O)=CC=C3,173,bend-core,CCCCCCCOc1ccc(/N=C/c2ccc(C(=O)Oc3cccc(OC(=O)c4ccc(/C=N/c5ccc(OCCCCCCC)cc5)cc4)c3C)cc2)cc1
518,O=C(C1=CC=C(/C=N/C2=CC=C(OCCCCCC)C=C2)C=C1)OC3=CC(OC(C4=CC=C(/C=N/C5=CC=C(OCCCCCC)C=C5)C=C4)=O)=CC=C3,173.4,bend-core,CCCCCCOc1ccc(/N=C/c2ccc(C(=O)Oc3cccc(OC(=O)c4ccc(/C=N/c5ccc(OCCCCCC)cc5)cc4)c3)cc2)cc1
520,O=C(C1=CC=C(/C=N/C2=CC=C(OCCCCCCCC)C=C2)C=C1)OC3=CC(OC(C4=CC=C(/C=N/C5=CC=C(OCCCCCCCC)C=C5)C=C4)=O)=CC=C3,173.9,bend-core,CCCCCCCCOc1ccc(/N=C/c2ccc(C(=O)Oc3cccc(OC(=O)c4ccc(/C=N/c5ccc(OCCCCCCCC)cc5)cc4)c3)cc2)cc1
33,CCCCCCCCOC(C=C1)=CC=C1C(N=C2)=NC=C2C3=CC=C(CCCCCCCC)C=C3,174,rod-like,CCCCCCCCOc1ccc(-c2ncc(-c3ccc(CCCCCCCC)cc3)cn2)cc1
554,O=C(C1=CC=C(/C=N/C2=CC=C(OCCCCCCCCC)C=C2)C=C1)OC3=C([N+]([O-])=O)C(OC(C4=CC=C(/C=N/C5=CC=C(OCCCCCCCCC)C=C5)C=C4)=O)=CC=C3,174,bend-core,CCCCCCCCCOc1ccc(/N=C/c2ccc(C(=O)Oc3cccc(OC(=O)c4ccc(/C=N/c5ccc(OCCCCCCCCC)cc5)cc4)c3[N+](=O)[O-])cc2)cc1
667,O=C(C1=CC=C(C=C(CCCCCCCCC=C)C=C2)C2=C1)OC3=CC4=C(C=C3OC(C5=CC=C(C=C(CCCCCCCCC=C)C=C6)C6=C5)=O)C7=C(C=C(OC(C8=CC=C(C=C(CCCCCCCCC=C)C=C9)C9=C8)=O)C(OC(C%10=CC=C(C=C(CCCCCCCCC=C)C=C%11)C%11=C%10)=O)=C7)C%12=C4C=C(OC(C%13=CC(C=CC(CCCCCCCCC=C)=C%14)=C%14C=C%13)=O)C(OC(C%15=CC(C=CC(CCCCCCCCC=C)=C%16)=C%16C=C%15)=O)=C%12,174.2,disc-like,C=CCCCCCCCCc1ccc2cc(C(=O)Oc3cc4c5cc(OC(=O)c6ccc7cc(CCCCCCCCC=C)ccc7c6)c(OC(=O)c6ccc7cc(CCCCCCCCC=C)ccc7c6)cc5c5cc(OC(=O)c6ccc7cc(CCCCCCCCC=C)ccc7c6)c(OC(=O)c6ccc7cc(CCCCCCCCC=C)ccc7c6)cc5c4cc3OC(=O)c3ccc4cc(CCCCCCCCC=C)ccc4c3)ccc2c1
683,CCCCCCCCCCOC1=C(OCCCCCCCCCC)C=CC2=C1C3=C(OCCCCCCCCCC)C(OCCCCCCCCCC)=CC=C3C(C2=C4)=CC5=C4OCCOC6=CC(C7=CC=C(OCCCCCCCCCC)C(OCCCCCCCCCC)=C7C8=C9C=CC(OCCCCCCCCCC)=C8OCCCCCCCCCC)=C9C=C6OCCO5,175,disc-like,CCCCCCCCCCOc1ccc2c3cc4c(cc3c3ccc(OCCCCCCCCCC)c(OCCCCCCCCCC)c3c2c1OCCCCCCCCCC)OCCOc1cc2c(cc1OCCO4)c1ccc(OCCCCCCCCCC)c(OCCCCCCCCCC)c1c1c(OCCCCCCCCCC)c(OCCCCCCCCCC)ccc21
643,CC1=C(OCCCCCCCC)C=CC(C#CC2=C(C#CC3=CC(C)=C(OCCCCCCCC)C=C3)C(C#CC4=CC(C)=C(OCCCCCCCC)C=C4)=C(C#CC5=CC(C)=C(OCCCCCCCC)C=C5)C(C#CC6=CC(C)=C(OCCCCCCCC)C=C6)=C2C#CC7=CC(C)=C(OCCCCCCCC)C=C7)=C1,176,disc-like,CCCCCCCCOc1ccc(C#Cc2c(C#Cc3ccc(OCCCCCCCC)c(C)c3)c(C#Cc3ccc(OCCCCCCCC)c(C)c3)c(C#Cc3ccc(OCCCCCCCC)c(C)c3)c(C#Cc3ccc(OCCCCCCCC)c(C)c3)c2C#Cc2ccc(OCCCCCCCC)c(C)c2)cc1C
96,O=C(C1=CC(C(OCCCCOC2=CC3=C(C=C2)C=C(C#CC4=CC=C(C=C4)CCC)C=C3)=O)=CC(C(OCCCCOC5=CC6=C(C=C5)C=C(C#CC7=CC=C(C=C7)CCC)C=C6)=O)=C1)OCCCCOC8=CC9=C(C=C8)C=C(C#CC%10=CC=C(C=C%10)CCC)C=C9,176,disc-like,CCCc1ccc(C#Cc2ccc3cc(OCCCCOC(=O)c4cc(C(=O)OCCCCOc5ccc6cc(C#Cc7ccc(CCC)cc7)ccc6c5)cc(C(=O)OCCCCOc5ccc6cc(C#Cc7ccc(CCC)cc7)ccc6c5)c4)ccc3c2)cc1
551,O=C(C1=CC=C(/C=N/C2=CC=C(OCCCCCC)C=C2)C=C1)OC3=C([N+]([O-])=O)C(OC(C4=CC=C(/C=N/C5=CC=C(OCCCCCC)C=C5)C=C4)=O)=CC=C3,177,bend-core,CCCCCCOc1ccc(/N=C/c2ccc(C(=O)Oc3cccc(OC(=O)c4ccc(/C=N/c5ccc(OCCCCCC)cc5)cc4)c3[N+](=O)[O-])cc2)cc1
673,CCCCCCCOC1=CC(OCCCCCCC)=CC(C2=NN=C3N2C4=NN=C(C5=CC(OCCCCCCC)=CC(OCCCCCCC)=C5)N4C6=NN=C(C7=CC(OCCCCCCC)=CC(OCCCCCCC)=C7)N36)=C1,178.8,disc-like,CCCCCCCOc1cc(OCCCCCCC)cc(-c2nnc3n2c2nnc(-c4cc(OCCCCCCC)cc(OCCCCCCC)c4)n2c2nnc(-c4cc(OCCCCCCC)cc(OCCCCCCC)c4)n32)c1
682,CCCCCCCCCOC1=C(OCCCCCCCCC)C=CC2=C1C3=C(OCCCCCCCCC)C(OCCCCCCCCC)=CC=C3C(C2=C4)=CC5=C4OCCOC6=CC(C7=CC=C(OCCCCCCCCC)C(OCCCCCCCCC)=C7C8=C9C=CC(OCCCCCCCCC)=C8OCCCCCCCCC)=C9C=C6OCCO5,179,disc-like,CCCCCCCCCOc1ccc2c3cc4c(cc3c3ccc(OCCCCCCCCC)c(OCCCCCCCCC)c3c2c1OCCCCCCCCC)OCCOc1cc2c(cc1OCCO4)c1ccc(OCCCCCCCCC)c(OCCCCCCCCC)c1c1c(OCCCCCCCCC)c(OCCCCCCCCC)ccc21
358,O=C(C1=CC=C(C2=CC=C(OCCCCCC)C=C2)C=C1)OC3=CC(/C=N/C4=CC=C(/N=N/C5=CC=C(OCCCCCC)C=C5)C=C4)=CC=C3,180,bend-core,CCCCCCOc1ccc(/N=N/c2ccc(/N=C/c3cccc(OC(=O)c4ccc(-c5ccc(OCCCCCC)cc5)cc4)c3)cc2)cc1
631,FC1=CC(OC(C(OCCCCCC)=C2)=CC3=C2C(C=C(OCCCCCC)C(OCCCCCC)=C4)=C4C5=C3C=C(OCCCCCC)C(OCCCCCC)=C5)=CC(F)=C1,180,disc-like,CCCCCCOc1cc2c3cc(OCCCCCC)c(OCCCCCC)cc3c3cc(Oc4cc(F)cc(F)c4)c(OCCCCCC)cc3c2cc1OCCCCCC
665,O=C(C1=CC=C(C=C(CCCCCCC=C)C=C2)C2=C1)OC3=CC4=C(C=C3OC(C5=CC=C(C=C(CCCCCCC=C)C=C6)C6=C5)=O)C7=C(C=C(OC(C8=CC=C(C=C(CCCCCCC=C)C=C9)C9=C8)=O)C(OC(C%10=CC=C(C=C(CCCCCCC=C)C=C%11)C%11=C%10)=O)=C7)C%12=C4C=C(OC(C%13=CC(C=CC(CCCCCCC=C)=C%14)=C%14C=C%13)=O)C(OC(C%15=CC(C=CC(CCCCCCC=C)=C%16)=C%16C=C%15)=O)=C%12,180.9,disc-like,C=CCCCCCCc1ccc2cc(C(=O)Oc3cc4c5cc(OC(=O)c6ccc7cc(CCCCCCC=C)ccc7c6)c(OC(=O)c6ccc7cc(CCCCCCC=C)ccc7c6)cc5c5cc(OC(=O)c6ccc7cc(CCCCCCC=C)ccc7c6)c(OC(=O)c6ccc7cc(CCCCCCC=C)ccc7c6)cc5c4cc3OC(=O)c3ccc4cc(CCCCCCC=C)ccc4c3)ccc2c1
517,O=C(C1=CC=C(/C=N/C2=CC=C(OCCCCC)C=C2)C=C1)OC3=CC(OC(C4=CC=C(/C=N/C5=CC=C(OCCCCC)C=C5)C=C4)=O)=CC=C3,181,bend-core,CCCCCOc1ccc(/N=C/c2ccc(C(=O)Oc3cccc(OC(=O)c4ccc(/C=N/c5ccc(OCCCCC)cc5)cc4)c3)cc2)cc1
666,O=C(C1=CC=C(C=C(CCCCCCCC=C)C=C2)C2=C1)OC3=CC4=C(C=C3OC(C5=CC=C(C=C(CCCCCCCC=C)C=C6)C6=C5)=O)C7=C(C=C(OC(C8=CC=C(C=C(CCCCCCCC=C)C=C9)C9=C8)=O)C(OC(C%10=CC=C(C=C(CCCCCCCC=C)C=C%11)C%11=C%10)=O)=C7)C%12=C4C=C(OC(C%13=CC(C=CC(CCCCCCCC=C)=C%14)=C%14C=C%13)=O)C(OC(C%15=CC(C=CC(CCCCCCCC=C)=C%16)=C%16C=C%15)=O)=C%12,181.2,disc-like,C=CCCCCCCCc1ccc2cc(C(=O)Oc3cc4c5cc(OC(=O)c6ccc7cc(CCCCCCCC=C)ccc7c6)c(OC(=O)c6ccc7cc(CCCCCCCC=C)ccc7c6)cc5c5cc(OC(=O)c6ccc7cc(CCCCCCCC=C)ccc7c6)c(OC(=O)c6ccc7cc(CCCCCCCC=C)ccc7c6)cc5c4cc3OC(=O)c3ccc4cc(CCCCCCCC=C)ccc4c3)ccc2c1
14,CCCC1CCC(CC1)C2=CC=C(C=C2)C3=NC=C(C=N3)CC,182,rod-like,CCCC1CCC(c2ccc(-c3ncc(CC)cn3)cc2)CC1
568,O=C(OC1=CC=C(OCCCCCCCC)C=C1)C(C=C2)=CC=C2/C=N/C3=CC=CC(/N=C/C4=CC=C(C(OC5=CC=C(OCCCCCCCC)C=C5)=O)C=C4)=C3,185,bend-core,CCCCCCCCOc1ccc(OC(=O)c2ccc(/C=N/c3cccc(/N=C/c4ccc(C(=O)Oc5ccc(OCCCCCCCC)cc5)cc4)c3)cc2)cc1
672,CCCCCCOC1=CC(OCCCCCC)=CC(C2=NN=C3N2C4=NN=C(C5=CC(OCCCCCC)=CC(OCCCCCC)=C5)N4C6=NN=C(C7=CC(OCCCCCC)=CC(OCCCCCC)=C7)N36)=C1,187.2,disc-like,CCCCCCOc1cc(OCCCCCC)cc(-c2nnc3n2c2nnc(-c4cc(OCCCCCC)cc(OCCCCCC)c4)n2c2nnc(-c4cc(OCCCCCC)cc(OCCCCCC)c4)n32)c1
663,O=C(C1=CC=C(C=C(CCCCC=C)C=C2)C2=C1)OC3=CC4=C(C=C3OC(C5=CC=C(C=C(CCCCC=C)C=C6)C6=C5)=O)C7=C(C=C(OC(C8=CC=C(C=C(CCCCC=C)C=C9)C9=C8)=O)C(OC(C%10=CC=C(C=C(CCCCC=C)C=C%11)C%11=C%10)=O)=C7)C%12=C4C=C(OC(C%13=CC(C=CC(CCCCC=C)=C%14)=C%14C=C%13)=O)C(OC(C%15=CC(C=CC(CCCCC=C)=C%16)=C%16C=C%15)=O)=C%12,191.1,disc-like,C=CCCCCc1ccc2cc(C(=O)Oc3cc4c5cc(OC(=O)c6ccc7cc(CCCCC=C)ccc7c6)c(OC(=O)c6ccc7cc(CCCCC=C)ccc7c6)cc5c5cc(OC(=O)c6ccc7cc(CCCCC=C)ccc7c6)c(OC(=O)c6ccc7cc(CCCCC=C)ccc7c6)cc5c4cc3OC(=O)c3ccc4cc(CCCCC=C)ccc4c3)ccc2c1
664,O=C(C1=CC=C(C=C(CCCCCC=C)C=C2)C2=C1)OC3=CC4=C(C=C3OC(C5=CC=C(C=C(CCCCCC=C)C=C6)C6=C5)=O)C7=C(C=C(OC(C8=CC=C(C=C(CCCCCC=C)C=C9)C9=C8)=O)C(OC(C%10=CC=C(C=C(CCCCCC=C)C=C%11)C%11=C%10)=O)=C7)C%12=C4C=C(OC(C%13=CC(C=CC(CCCCCC=C)=C%14)=C%14C=C%13)=O)C(OC(C%15=CC(C=CC(CCCCCC=C)=C%16)=C%16C=C%15)=O)=C%12,191.2,disc-like,C=CCCCCCc1ccc2cc(C(=O)Oc3cc4c5cc(OC(=O)c6ccc7cc(CCCCCC=C)ccc7c6)c(OC(=O)c6ccc7cc(CCCCCC=C)ccc7c6)cc5c5cc(OC(=O)c6ccc7cc(CCCCCC=C)ccc7c6)c(OC(=O)c6ccc7cc(CCCCCC=C)ccc7c6)cc5c4cc3OC(=O)c3ccc4cc(CCCCCC=C)ccc4c3)ccc2c1
26,CCCCCCOC(C=C1)=CC=C1C(N=C2)=NC=C2C3=CC=C(CCCCCC)C=C3,193,rod-like,CCCCCCOc1ccc(-c2ncc(-c3ccc(CCCCCC)cc3)cn2)cc1
637,CCCCCCCOC(C=C1)=CC=C1C#CC2=C(C#CC3=CC=C(OCCCCCCC)C=C3)C(C#CC4=CC=C(OCCCCCCC)C=C4)=C(C#CC5=CC=C(OCCCCCCC)C=C5)C(C#CC6=CC=C(OCCCCCCC)C=C6)=C2C#CC7=CC=C(OCCCCCCC)C=C7,193,disc-like,CCCCCCCOc1ccc(C#Cc2c(C#Cc3ccc(OCCCCCCC)cc3)c(C#Cc3ccc(OCCCCCCC)cc3)c(C#Cc3ccc(OCCCCCCC)cc3)c(C#Cc3ccc(OCCCCCCC)cc3)c2C#Cc2ccc(OCCCCCCC)cc2)cc1
632,FC1=CC(OC(C(OCCCCCC)=C2)=CC3=C2C(C=C(OCCCCCC)C(OCCCCCC)=C4)=C4C5=C3C=C(OCCCCCC)C(OCCCCCC)=C5)=CC(F)=C1F,195,disc-like,CCCCCCOc1cc2c3cc(OCCCCCC)c(OCCCCCC)cc3c3cc(Oc4cc(F)c(F)c(F)c4)c(OCCCCCC)cc3c2cc1OCCCCCC
662,O=C(C1=CC=C(C=C(CCCC=C)C=C2)C2=C1)OC3=CC4=C(C=C3OC(C5=CC=C(C=C(CCCC=C)C=C6)C6=C5)=O)C7=C(C=C(OC(C8=CC=C(C=C(CCCC=C)C=C9)C9=C8)=O)C(OC(C%10=CC=C(C=C(CCCC=C)C=C%11)C%11=C%10)=O)=C7)C%12=C4C=C(OC(C%13=CC(C=CC(CCCC=C)=C%14)=C%14C=C%13)=O)C(OC(C%15=CC(C=CC(CCCC=C)=C%16)=C%16C=C%15)=O)=C%12,197.7,disc-like,C=CCCCc1ccc2cc(C(=O)Oc3cc4c5cc(OC(=O)c6ccc7cc(CCCC=C)ccc7c6)c(OC(=O)c6ccc7cc(CCCC=C)ccc7c6)cc5c5cc(OC(=O)c6ccc7cc(CCCC=C)ccc7c6)c(OC(=O)c6ccc7cc(CCCC=C)ccc7c6)cc5c4cc3OC(=O)c3ccc4cc(CCCC=C)ccc4c3)ccc2c1
75,CCCCCCCCCC1=CC=C(C=C1)C2=CC=C(C=C2)C3=CC=C(C=C3)C#N,212,rod-like,CCCCCCCCCc1ccc(-c2ccc(-c3ccc(C#N)cc3)cc2)cc1
113,C=CC(=O)OCCCCCCOC1=CC=C(C=C1)C(=O)OC2=CC=C(C=C2)C3=CC=C(C=C3)C#N,220,rod-like,C=CC(=O)OCCCCCCOc1ccc(C(=O)Oc2ccc(-c3ccc(C#N)cc3)cc2)cc1
60,CCCCCC1CCC(CC1)C2=CC=C(C=C2)C3=CC=C(C=C3)C#N,222,rod-like,CCCCCC1CCC(c2ccc(-c3ccc(C#N)cc3)cc2)CC1
120,C=CC(=O)OCCCCCCOC1=CC=C(C=C1)C(=O)OC2CCC(CC2)C3=CC=C(C=C3)OC(=O)C4=CC=C(C=C4)OCCCCCCOC(=O)C=C,232,rod-like,C=CC(=O)OCCCCCCOc1ccc(C(=O)Oc2ccc(C3CCC(OC(=O)c4ccc(OCCCCCCOC(=O)C=C)cc4)CC3)cc2)cc1
4,CCCCC1=CC=C(C=C1)N=CC2=CC=C(C=C2)C=NC3=CC=C(C=C3)CCCC,235,rod-like,CCCCc1ccc(N=Cc2ccc(C=Nc3ccc(CCCC)cc3)cc2)cc1
74,CCCCCC1=CC=C(C=C1)C2=CC=C(C=C2)C3=CC=C(C=C3)C#N,240,rod-like,CCCCCc1ccc(-c2ccc(-c3ccc(C#N)cc3)cc2)cc1
137,CCCCCCCCC1=CC=C(C=C1)C2=CC=C(C=C2)C(=O)O,249,rod-like,CCCCCCCCc1ccc(-c2ccc(C(=O)O)cc2)cc1
136,CCCCCCCC1=CC=C(C=C1)C2=CC=C(C=C2)C(=O)O,255,rod-like,CCCCCCCc1ccc(-c2ccc(C(=O)O)cc2)cc1
73,CCCC1=CC=C(C=C1)C2=CC=C(C=C2)C3=CC=C(C=C3)C#N,257.5,rod-like,CCCc1ccc(-c2ccc(-c3ccc(C#N)cc3)cc2)cc1
603,O=C(CCCCCCCCC)OC(C(OC(CCCCCCCCC)=O)=C1)=CC2=C1C3=C(C2)C4=C(CC5=C4C=C(OC(CCCCCCCCC)=O)C(OC(CCCCCCCCC)=O)=C5)C6=C3CC7=C6C=C(OC(CCCCCCCCC)=O)C(OC(CCCCCCCCC)=O)=C7,280,disc-like,CCCCCCCCCC(=O)Oc1cc2c(cc1OC(=O)CCCCCCCCC)-c1c(c3c(c4c1Cc1cc(OC(=O)CCCCCCCCC)c(OC(=O)CCCCCCCCC)cc1-4)Cc1cc(OC(=O)CCCCCCCCC)c(OC(=O)CCCCCCCCC)cc1-3)C2
